Trimestre,Estado,Ingreso en millones de dolares,Zona
01/01/2003,Aguascalientes,62.4429,CentroNorte
01/04/2003,Aguascalientes,58.7056,CentroNorte
01/07/2003,Aguascalientes,68.7904,CentroNorte
01/10/2003,Aguascalientes,70.3289,CentroNorte
01/01/2004,Aguascalientes,73.5442,CentroNorte
01/04/2004,Aguascalientes,82.3219,CentroNorte
01/07/2004,Aguascalientes,82.9733,CentroNorte
01/10/2004,Aguascalientes,75.995,CentroNorte
01/01/2005,Aguascalientes,67.808,CentroNorte
01/04/2005,Aguascalientes,77.9847,CentroNorte
01/07/2005,Aguascalientes,87.5852,CentroNorte
01/10/2005,Aguascalientes,89.2073,CentroNorte
01/01/2006,Aguascalientes,82.1946,CentroNorte
01/04/2006,Aguascalientes,100.4855,CentroNorte
01/07/2006,Aguascalientes,100.8364,CentroNorte
01/10/2006,Aguascalientes,95.8714,CentroNorte
01/01/2007,Aguascalientes,94.6044,CentroNorte
01/04/2007,Aguascalientes,99.2885,CentroNorte
01/07/2007,Aguascalientes,95.228,CentroNorte
01/10/2007,Aguascalientes,83.902,CentroNorte
01/01/2008,Aguascalientes,72.1281,CentroNorte
01/04/2008,Aguascalientes,87.4482,CentroNorte
01/07/2008,Aguascalientes,91.3643,CentroNorte
01/10/2008,Aguascalientes,81.3932,CentroNorte
01/01/2009,Aguascalientes,74.6774,CentroNorte
01/04/2009,Aguascalientes,75.4587,CentroNorte
01/07/2009,Aguascalientes,68.2654,CentroNorte
01/10/2009,Aguascalientes,63.8108,CentroNorte
01/01/2010,Aguascalientes,67.4965,CentroNorte
01/04/2010,Aguascalientes,79.1047,CentroNorte
01/07/2010,Aguascalientes,75.6273,CentroNorte
01/10/2010,Aguascalientes,71.6935,CentroNorte
01/01/2011,Aguascalientes,69.0867,CentroNorte
01/04/2011,Aguascalientes,79.407,CentroNorte
01/07/2011,Aguascalientes,81.4962,CentroNorte
01/10/2011,Aguascalientes,76.3324,CentroNorte
01/01/2012,Aguascalientes,78.3773,CentroNorte
01/04/2012,Aguascalientes,96.8995,CentroNorte
01/07/2012,Aguascalientes,82.2707,CentroNorte
01/10/2012,Aguascalientes,75.1202,CentroNorte
01/01/2013,Aguascalientes,68.1282,CentroNorte
01/04/2013,Aguascalientes,81.6936,CentroNorte
01/07/2013,Aguascalientes,77.863,CentroNorte
01/10/2013,Aguascalientes,77.9147,CentroNorte
01/01/2014,Aguascalientes,76.1388,CentroNorte
01/04/2014,Aguascalientes,83.4929,CentroNorte
01/07/2014,Aguascalientes,81.0742,CentroNorte
01/10/2014,Aguascalientes,83.1717,CentroNorte
01/01/2015,Aguascalientes,80.557,CentroNorte
01/04/2015,Aguascalientes,88.2038,CentroNorte
01/07/2015,Aguascalientes,92.4914,CentroNorte
01/10/2015,Aguascalientes,86.9748,CentroNorte
01/01/2016,Aguascalientes,89.8222,CentroNorte
01/04/2016,Aguascalientes,100.2131,CentroNorte
01/07/2016,Aguascalientes,103.667,CentroNorte
01/10/2016,Aguascalientes,102.2457,CentroNorte
01/01/2017,Aguascalientes,99.844,CentroNorte
01/04/2017,Aguascalientes,110.0001,CentroNorte
01/07/2017,Aguascalientes,110.9344,CentroNorte
01/10/2017,Aguascalientes,112.5692,CentroNorte
01/01/2018,Aguascalientes,102.0709,CentroNorte
01/04/2018,Aguascalientes,126.2512,CentroNorte
01/07/2018,Aguascalientes,118.7743,CentroNorte
01/10/2018,Aguascalientes,126.1517,CentroNorte
01/01/2019,Aguascalientes,110.6163,CentroNorte
01/04/2019,Aguascalientes,129.6806,CentroNorte
01/07/2019,Aguascalientes,137.8002,CentroNorte
01/10/2019,Aguascalientes,127.5781,CentroNorte
01/01/2020,Aguascalientes,127.7942,CentroNorte
01/04/2020,Aguascalientes,135.2717,CentroNorte
01/07/2020,Aguascalientes,134.8497,CentroNorte
01/10/2020,Aguascalientes,141.9874,CentroNorte
01/01/2021,Aguascalientes,140.3132,CentroNorte
01/04/2021,Aguascalientes,177.7184,CentroNorte
01/01/2003,Baja California,28.5954,Norte
01/04/2003,Baja California,33.7084,Norte
01/07/2003,Baja California,44.3751,Norte
01/10/2003,Baja California,35.3224,Norte
01/01/2004,Baja California,34.4552,Norte
01/04/2004,Baja California,43.6774,Norte
01/07/2004,Baja California,45.6772,Norte
01/10/2004,Baja California,41.2188,Norte
01/01/2005,Baja California,52.4007,Norte
01/04/2005,Baja California,66.828,Norte
01/07/2005,Baja California,70.2093,Norte
01/10/2005,Baja California,67.1974,Norte
01/01/2006,Baja California,68.569,Norte
01/04/2006,Baja California,78.2581,Norte
01/07/2006,Baja California,80.2418,Norte
01/10/2006,Baja California,74.9955,Norte
01/01/2007,Baja California,75.9435,Norte
01/04/2007,Baja California,86.804,Norte
01/07/2007,Baja California,90.0918,Norte
01/10/2007,Baja California,81.74,Norte
01/01/2008,Baja California,77.876,Norte
01/04/2008,Baja California,88.1468,Norte
01/07/2008,Baja California,89.0078,Norte
01/10/2008,Baja California,79.2862,Norte
01/01/2009,Baja California,73.8543,Norte
01/04/2009,Baja California,83.327,Norte
01/07/2009,Baja California,86.4913,Norte
01/10/2009,Baja California,78.3913,Norte
01/01/2010,Baja California,77.084,Norte
01/04/2010,Baja California,91.6085,Norte
01/07/2010,Baja California,92.4289,Norte
01/10/2010,Baja California,86.8352,Norte
01/01/2011,Baja California,89.2406,Norte
01/04/2011,Baja California,101.6637,Norte
01/07/2011,Baja California,107.1542,Norte
01/10/2011,Baja California,98.6943,Norte
01/01/2012,Baja California,97.1407,Norte
01/04/2012,Baja California,117.2737,Norte
01/07/2012,Baja California,122.534,Norte
01/10/2012,Baja California,127.9115,Norte
01/01/2013,Baja California,137.0635,Norte
01/04/2013,Baja California,163.1497,Norte
01/07/2013,Baja California,163.4079,Norte
01/10/2013,Baja California,155.9607,Norte
01/01/2014,Baja California,145.3448,Norte
01/04/2014,Baja California,155.9564,Norte
01/07/2014,Baja California,159.4505,Norte
01/10/2014,Baja California,159.0984,Norte
01/01/2015,Baja California,152.9863,Norte
01/04/2015,Baja California,173.9016,Norte
01/07/2015,Baja California,182.6473,Norte
01/10/2015,Baja California,168.0687,Norte
01/01/2016,Baja California,169.1695,Norte
01/04/2016,Baja California,182.4093,Norte
01/07/2016,Baja California,177.0723,Norte
01/10/2016,Baja California,169.5472,Norte
01/01/2017,Baja California,173.0563,Norte
01/04/2017,Baja California,198.0333,Norte
01/07/2017,Baja California,209.0381,Norte
01/10/2017,Baja California,203.9035,Norte
01/01/2018,Baja California,192.4453,Norte
01/04/2018,Baja California,234.3133,Norte
01/07/2018,Baja California,232.8138,Norte
01/10/2018,Baja California,231.714,Norte
01/01/2019,Baja California,210.5144,Norte
01/04/2019,Baja California,244.293,Norte
01/07/2019,Baja California,257.0514,Norte
01/10/2019,Baja California,236.8688,Norte
01/01/2020,Baja California,264.1163,Norte
01/04/2020,Baja California,334.7347,Norte
01/07/2020,Baja California,332.6868,Norte
01/10/2020,Baja California,303.3563,Norte
01/01/2021,Baja California,301.1542,Norte
01/04/2021,Baja California,360.3484,Norte
01/01/2003,Baja California Sur,3.9878,Norte
01/04/2003,Baja California Sur,4.4807,Norte
01/07/2003,Baja California Sur,6.0983,Norte
01/10/2003,Baja California Sur,4.3827,Norte
01/01/2004,Baja California Sur,3.7093,Norte
01/04/2004,Baja California Sur,4.94,Norte
01/07/2004,Baja California Sur,4.9491,Norte
01/10/2004,Baja California Sur,4.2024,Norte
01/01/2005,Baja California Sur,5.2842,Norte
01/04/2005,Baja California Sur,6.2395,Norte
01/07/2005,Baja California Sur,6.4133,Norte
01/10/2005,Baja California Sur,6.5145,Norte
01/01/2006,Baja California Sur,6.5564,Norte
01/04/2006,Baja California Sur,7.5375,Norte
01/07/2006,Baja California Sur,7.3143,Norte
01/10/2006,Baja California Sur,7.1261,Norte
01/01/2007,Baja California Sur,6.9685,Norte
01/04/2007,Baja California Sur,7.9936,Norte
01/07/2007,Baja California Sur,8.7557,Norte
01/10/2007,Baja California Sur,8.2888,Norte
01/01/2008,Baja California Sur,7.7355,Norte
01/04/2008,Baja California Sur,8.7293,Norte
01/07/2008,Baja California Sur,9.0581,Norte
01/10/2008,Baja California Sur,9.1738,Norte
01/01/2009,Baja California Sur,8.1605,Norte
01/04/2009,Baja California Sur,8.0547,Norte
01/07/2009,Baja California Sur,8.1067,Norte
01/10/2009,Baja California Sur,7.5983,Norte
01/01/2010,Baja California Sur,8.6622,Norte
01/04/2010,Baja California Sur,8.5464,Norte
01/07/2010,Baja California Sur,8.2586,Norte
01/10/2010,Baja California Sur,8.2783,Norte
01/01/2011,Baja California Sur,8.1083,Norte
01/04/2011,Baja California Sur,9.3589,Norte
01/07/2011,Baja California Sur,9.9774,Norte
01/10/2011,Baja California Sur,9.2063,Norte
01/01/2012,Baja California Sur,9.4402,Norte
01/04/2012,Baja California Sur,10.6115,Norte
01/07/2012,Baja California Sur,10.1858,Norte
01/10/2012,Baja California Sur,11.1185,Norte
01/01/2013,Baja California Sur,9.7651,Norte
01/04/2013,Baja California Sur,11.1242,Norte
01/07/2013,Baja California Sur,10.6262,Norte
01/10/2013,Baja California Sur,14.2431,Norte
01/01/2014,Baja California Sur,10.069,Norte
01/04/2014,Baja California Sur,11.4266,Norte
01/07/2014,Baja California Sur,12.1975,Norte
01/10/2014,Baja California Sur,12.8911,Norte
01/01/2015,Baja California Sur,11.5517,Norte
01/04/2015,Baja California Sur,12.9243,Norte
01/07/2015,Baja California Sur,13.3937,Norte
01/10/2015,Baja California Sur,13.3264,Norte
01/01/2016,Baja California Sur,12.906,Norte
01/04/2016,Baja California Sur,14.2835,Norte
01/07/2016,Baja California Sur,14.868,Norte
01/10/2016,Baja California Sur,13.3286,Norte
01/01/2017,Baja California Sur,14.9924,Norte
01/04/2017,Baja California Sur,16.251,Norte
01/07/2017,Baja California Sur,17.4516,Norte
01/10/2017,Baja California Sur,17.8164,Norte
01/01/2018,Baja California Sur,17.4431,Norte
01/04/2018,Baja California Sur,20.0534,Norte
01/07/2018,Baja California Sur,19.816,Norte
01/10/2018,Baja California Sur,21.1652,Norte
01/01/2019,Baja California Sur,19.2499,Norte
01/04/2019,Baja California Sur,23.0141,Norte
01/07/2019,Baja California Sur,22.9663,Norte
01/10/2019,Baja California Sur,23.1061,Norte
01/01/2020,Baja California Sur,22.2964,Norte
01/04/2020,Baja California Sur,24.9397,Norte
01/07/2020,Baja California Sur,34.8488,Norte
01/10/2020,Baja California Sur,29.4685,Norte
01/01/2021,Baja California Sur,29.323,Norte
01/04/2021,Baja California Sur,34.4999,Norte
01/01/2003,Campeche,8.9093,Sur
01/04/2003,Campeche,14.2668,Sur
01/07/2003,Campeche,16.5759,Sur
01/10/2003,Campeche,11.8568,Sur
01/01/2004,Campeche,10.3901,Sur
01/04/2004,Campeche,14.048,Sur
01/07/2004,Campeche,14.939,Sur
01/10/2004,Campeche,13.924,Sur
01/01/2005,Campeche,13.129,Sur
01/04/2005,Campeche,17.4076,Sur
01/07/2005,Campeche,17.3155,Sur
01/10/2005,Campeche,17.874,Sur
01/01/2006,Campeche,18.2404,Sur
01/04/2006,Campeche,22.2706,Sur
01/07/2006,Campeche,21.4993,Sur
01/10/2006,Campeche,19.9983,Sur
01/01/2007,Campeche,18.3368,Sur
01/04/2007,Campeche,21.0857,Sur
01/07/2007,Campeche,21.4751,Sur
01/10/2007,Campeche,19.5168,Sur
01/01/2008,Campeche,16.5927,Sur
01/04/2008,Campeche,20.211,Sur
01/07/2008,Campeche,18.8467,Sur
01/10/2008,Campeche,17.1328,Sur
01/01/2009,Campeche,14.7971,Sur
01/04/2009,Campeche,14.6692,Sur
01/07/2009,Campeche,13.9402,Sur
01/10/2009,Campeche,12.4184,Sur
01/01/2010,Campeche,13.0847,Sur
01/04/2010,Campeche,14.7972,Sur
01/07/2010,Campeche,14.3003,Sur
01/10/2010,Campeche,12.8732,Sur
01/01/2011,Campeche,12.8965,Sur
01/04/2011,Campeche,15.5239,Sur
01/07/2011,Campeche,15.8585,Sur
01/10/2011,Campeche,13.5367,Sur
01/01/2012,Campeche,13.4282,Sur
01/04/2012,Campeche,15.9193,Sur
01/07/2012,Campeche,13.7413,Sur
01/10/2012,Campeche,12.532,Sur
01/01/2013,Campeche,11.612,Sur
01/04/2013,Campeche,14.5613,Sur
01/07/2013,Campeche,13.7888,Sur
01/10/2013,Campeche,14.9383,Sur
01/01/2014,Campeche,12.2982,Sur
01/04/2014,Campeche,15.1442,Sur
01/07/2014,Campeche,14.6907,Sur
01/10/2014,Campeche,13.634,Sur
01/01/2015,Campeche,12.8828,Sur
01/04/2015,Campeche,14.9061,Sur
01/07/2015,Campeche,14.904,Sur
01/10/2015,Campeche,13.8545,Sur
01/01/2016,Campeche,14.2744,Sur
01/04/2016,Campeche,16.7256,Sur
01/07/2016,Campeche,17.1889,Sur
01/10/2016,Campeche,16.9547,Sur
01/01/2017,Campeche,17.5106,Sur
01/04/2017,Campeche,19.031,Sur
01/07/2017,Campeche,19.4629,Sur
01/10/2017,Campeche,19.1638,Sur
01/01/2018,Campeche,16.9489,Sur
01/04/2018,Campeche,20.6043,Sur
01/07/2018,Campeche,20.876,Sur
01/10/2018,Campeche,20.8735,Sur
01/01/2019,Campeche,18.9125,Sur
01/04/2019,Campeche,23.7897,Sur
01/07/2019,Campeche,24.2564,Sur
01/10/2019,Campeche,21.8038,Sur
01/01/2020,Campeche,23.914,Sur
01/04/2020,Campeche,25.4014,Sur
01/07/2020,Campeche,35.3475,Sur
01/10/2020,Campeche,30.555,Sur
01/01/2021,Campeche,29.3031,Sur
01/04/2021,Campeche,37.3885,Sur
01/01/2003,Coahuila,28.9976,Norte
01/04/2003,Coahuila,34.4963,Norte
01/07/2003,Coahuila,38.9714,Norte
01/10/2003,Coahuila,37.3657,Norte
01/01/2004,Coahuila,34.7218,Norte
01/04/2004,Coahuila,45.3903,Norte
01/07/2004,Coahuila,47.8342,Norte
01/10/2004,Coahuila,52.0898,Norte
01/01/2005,Coahuila,52.1147,Norte
01/04/2005,Coahuila,62.0372,Norte
01/07/2005,Coahuila,63.0702,Norte
01/10/2005,Coahuila,63.5419,Norte
01/01/2006,Coahuila,63.4007,Norte
01/04/2006,Coahuila,73.7953,Norte
01/07/2006,Coahuila,71.7066,Norte
01/10/2006,Coahuila,66.4243,Norte
01/01/2007,Coahuila,66.5401,Norte
01/04/2007,Coahuila,78.7026,Norte
01/07/2007,Coahuila,76.9482,Norte
01/10/2007,Coahuila,71.0475,Norte
01/01/2008,Coahuila,65.0105,Norte
01/04/2008,Coahuila,76.5454,Norte
01/07/2008,Coahuila,70.6072,Norte
01/10/2008,Coahuila,66.199,Norte
01/01/2009,Coahuila,60.7406,Norte
01/04/2009,Coahuila,61.4305,Norte
01/07/2009,Coahuila,58.933,Norte
01/10/2009,Coahuila,53.0635,Norte
01/01/2010,Coahuila,58.0532,Norte
01/04/2010,Coahuila,60.9197,Norte
01/07/2010,Coahuila,59.2913,Norte
01/10/2010,Coahuila,55.7454,Norte
01/01/2011,Coahuila,55.2152,Norte
01/04/2011,Coahuila,64.9791,Norte
01/07/2011,Coahuila,64.8179,Norte
01/10/2011,Coahuila,61.957,Norte
01/01/2012,Coahuila,62.9102,Norte
01/04/2012,Coahuila,74.8558,Norte
01/07/2012,Coahuila,75.1477,Norte
01/10/2012,Coahuila,70.5956,Norte
01/01/2013,Coahuila,75.6802,Norte
01/04/2013,Coahuila,87.7625,Norte
01/07/2013,Coahuila,84.8156,Norte
01/10/2013,Coahuila,78.9341,Norte
01/01/2014,Coahuila,79.4514,Norte
01/04/2014,Coahuila,92.1145,Norte
01/07/2014,Coahuila,120.7202,Norte
01/10/2014,Coahuila,99.9693,Norte
01/01/2015,Coahuila,92.0097,Norte
01/04/2015,Coahuila,112.7057,Norte
01/07/2015,Coahuila,100.784,Norte
01/10/2015,Coahuila,95.4153,Norte
01/01/2016,Coahuila,93.4326,Norte
01/04/2016,Coahuila,106.6916,Norte
01/07/2016,Coahuila,108.0361,Norte
01/10/2016,Coahuila,111.9405,Norte
01/01/2017,Coahuila,109.9808,Norte
01/04/2017,Coahuila,126.0679,Norte
01/07/2017,Coahuila,131.004,Norte
01/10/2017,Coahuila,153.3541,Norte
01/01/2018,Coahuila,135.7919,Norte
01/04/2018,Coahuila,152.3128,Norte
01/07/2018,Coahuila,148.7562,Norte
01/10/2018,Coahuila,152.1087,Norte
01/01/2019,Coahuila,139.6597,Norte
01/04/2019,Coahuila,165.7706,Norte
01/07/2019,Coahuila,171.0495,Norte
01/10/2019,Coahuila,163.786,Norte
01/01/2020,Coahuila,160.5944,Norte
01/04/2020,Coahuila,183.239,Norte
01/07/2020,Coahuila,182.5131,Norte
01/10/2020,Coahuila,184.8591,Norte
01/01/2021,Coahuila,183.5633,Norte
01/04/2021,Coahuila,228.9021,Norte
01/01/2003,Colima,24.3048,CentroNorte
01/04/2003,Colima,26.4262,CentroNorte
01/07/2003,Colima,25.9999,CentroNorte
01/10/2003,Colima,27.0087,CentroNorte
01/01/2004,Colima,29.5465,CentroNorte
01/04/2004,Colima,33.8036,CentroNorte
01/07/2004,Colima,34.3311,CentroNorte
01/10/2004,Colima,36.6642,CentroNorte
01/01/2005,Colima,38.515,CentroNorte
01/04/2005,Colima,42.4185,CentroNorte
01/07/2005,Colima,42.0411,CentroNorte
01/10/2005,Colima,42.1025,CentroNorte
01/01/2006,Colima,42.9817,CentroNorte
01/04/2006,Colima,47.8695,CentroNorte
01/07/2006,Colima,46.7902,CentroNorte
01/10/2006,Colima,45.458,CentroNorte
01/01/2007,Colima,47.9253,CentroNorte
01/04/2007,Colima,55.184,CentroNorte
01/07/2007,Colima,51.1779,CentroNorte
01/10/2007,Colima,45.3758,CentroNorte
01/01/2008,Colima,42.7448,CentroNorte
01/04/2008,Colima,47.5358,CentroNorte
01/07/2008,Colima,46.1448,CentroNorte
01/10/2008,Colima,48.2376,CentroNorte
01/01/2009,Colima,45.3631,CentroNorte
01/04/2009,Colima,41.8998,CentroNorte
01/07/2009,Colima,40.1002,CentroNorte
01/10/2009,Colima,37.4413,CentroNorte
01/01/2010,Colima,40.8939,CentroNorte
01/04/2010,Colima,44.8843,CentroNorte
01/07/2010,Colima,43.642,CentroNorte
01/10/2010,Colima,42.0981,CentroNorte
01/01/2011,Colima,44.0247,CentroNorte
01/04/2011,Colima,46.2423,CentroNorte
01/07/2011,Colima,47.8114,CentroNorte
01/10/2011,Colima,45.7439,CentroNorte
01/01/2012,Colima,45.7617,CentroNorte
01/04/2012,Colima,50.6983,CentroNorte
01/07/2012,Colima,42.6619,CentroNorte
01/10/2012,Colima,41.0481,CentroNorte
01/01/2013,Colima,41.3592,CentroNorte
01/04/2013,Colima,49.9285,CentroNorte
01/07/2013,Colima,46.2587,CentroNorte
01/10/2013,Colima,45.7579,CentroNorte
01/01/2014,Colima,45.3559,CentroNorte
01/04/2014,Colima,45.907,CentroNorte
01/07/2014,Colima,68.7387,CentroNorte
01/10/2014,Colima,56.7713,CentroNorte
01/01/2015,Colima,57.3344,CentroNorte
01/04/2015,Colima,61.4248,CentroNorte
01/07/2015,Colima,55.8572,CentroNorte
01/10/2015,Colima,54.0285,CentroNorte
01/01/2016,Colima,56.1058,CentroNorte
01/04/2016,Colima,61.6094,CentroNorte
01/07/2016,Colima,63.8859,CentroNorte
01/10/2016,Colima,70.5548,CentroNorte
01/01/2017,Colima,65.2089,CentroNorte
01/04/2017,Colima,75.5105,CentroNorte
01/07/2017,Colima,77.2408,CentroNorte
01/10/2017,Colima,85.5113,CentroNorte
01/01/2018,Colima,83.4624,CentroNorte
01/04/2018,Colima,83.3719,CentroNorte
01/07/2018,Colima,73.5439,CentroNorte
01/10/2018,Colima,81.569,CentroNorte
01/01/2019,Colima,67.4691,CentroNorte
01/04/2019,Colima,76.9046,CentroNorte
01/07/2019,Colima,79.5152,CentroNorte
01/10/2019,Colima,80.0409,CentroNorte
01/01/2020,Colima,83.2237,CentroNorte
01/04/2020,Colima,86.6159,CentroNorte
01/07/2020,Colima,85.7324,CentroNorte
01/10/2020,Colima,92.6577,CentroNorte
01/01/2021,Colima,95.733,CentroNorte
01/04/2021,Colima,109.5848,CentroNorte
01/01/2003,Chiapas,86.784,Sur
01/04/2003,Chiapas,108.89,Sur
01/07/2003,Chiapas,117.8861,Sur
01/10/2003,Chiapas,121.5688,Sur
01/01/2004,Chiapas,108.1185,Sur
01/04/2004,Chiapas,162.05,Sur
01/07/2004,Chiapas,166.651,Sur
01/10/2004,Chiapas,150.7302,Sur
01/01/2005,Chiapas,148.3498,Sur
01/04/2005,Chiapas,202.8849,Sur
01/07/2005,Chiapas,209.6024,Sur
01/10/2005,Chiapas,204.5013,Sur
01/01/2006,Chiapas,206.0684,Sur
01/04/2006,Chiapas,264.0635,Sur
01/07/2006,Chiapas,246.8814,Sur
01/10/2006,Chiapas,223.8217,Sur
01/01/2007,Chiapas,202.3432,Sur
01/04/2007,Chiapas,243.5484,Sur
01/07/2007,Chiapas,254.0638,Sur
01/10/2007,Chiapas,221.1966,Sur
01/01/2008,Chiapas,183.9337,Sur
01/04/2008,Chiapas,225.1044,Sur
01/07/2008,Chiapas,215.9946,Sur
01/10/2008,Chiapas,186.0892,Sur
01/01/2009,Chiapas,151.9344,Sur
01/04/2009,Chiapas,165.1143,Sur
01/07/2009,Chiapas,161.3908,Sur
01/10/2009,Chiapas,131.2936,Sur
01/01/2010,Chiapas,122.4091,Sur
01/04/2010,Chiapas,163.9379,Sur
01/07/2010,Chiapas,157.4884,Sur
01/10/2010,Chiapas,130.62,Sur
01/01/2011,Chiapas,131.1926,Sur
01/04/2011,Chiapas,168.3967,Sur
01/07/2011,Chiapas,161.9014,Sur
01/10/2011,Chiapas,133.3374,Sur
01/01/2012,Chiapas,137.6118,Sur
01/04/2012,Chiapas,169.6967,Sur
01/07/2012,Chiapas,138.1476,Sur
01/10/2012,Chiapas,127.2785,Sur
01/01/2013,Chiapas,115.3825,Sur
01/04/2013,Chiapas,138.5823,Sur
01/07/2013,Chiapas,129.0062,Sur
01/10/2013,Chiapas,118.879,Sur
01/01/2014,Chiapas,124.8922,Sur
01/04/2014,Chiapas,146.0251,Sur
01/07/2014,Chiapas,108.4853,Sur
01/10/2014,Chiapas,122.6987,Sur
01/01/2015,Chiapas,127.4033,Sur
01/04/2015,Chiapas,135.4065,Sur
01/07/2015,Chiapas,160.027,Sur
01/10/2015,Chiapas,153.9332,Sur
01/01/2016,Chiapas,145.8517,Sur
01/04/2016,Chiapas,144.8183,Sur
01/07/2016,Chiapas,143.7785,Sur
01/10/2016,Chiapas,142.1463,Sur
01/01/2017,Chiapas,153.3761,Sur
01/04/2017,Chiapas,160.5252,Sur
01/07/2017,Chiapas,166.4373,Sur
01/10/2017,Chiapas,168.5304,Sur
01/01/2018,Chiapas,169.1253,Sur
01/04/2018,Chiapas,211.0624,Sur
01/07/2018,Chiapas,215.465,Sur
01/10/2018,Chiapas,224.8884,Sur
01/01/2019,Chiapas,222.7728,Sur
01/04/2019,Chiapas,279.8622,Sur
01/07/2019,Chiapas,268.5686,Sur
01/10/2019,Chiapas,235.8556,Sur
01/01/2020,Chiapas,250.5272,Sur
01/04/2020,Chiapas,255.6334,Sur
01/07/2020,Chiapas,317.5258,Sur
01/10/2020,Chiapas,319.1377,Sur
01/01/2021,Chiapas,345.4644,Sur
01/04/2021,Chiapas,444.284,Sur
01/01/2003,Chihuahua,50.515,Norte
01/04/2003,Chihuahua,58.3548,Norte
01/07/2003,Chihuahua,67.9352,Norte
01/10/2003,Chihuahua,59.8691,Norte
01/01/2004,Chihuahua,57.0475,Norte
01/04/2004,Chihuahua,76.3738,Norte
01/07/2004,Chihuahua,77.639,Norte
01/10/2004,Chihuahua,68.3612,Norte
01/01/2005,Chihuahua,81.0961,Norte
01/04/2005,Chihuahua,103.712,Norte
01/07/2005,Chihuahua,102.5278,Norte
01/10/2005,Chihuahua,101.8522,Norte
01/01/2006,Chihuahua,113.8334,Norte
01/04/2006,Chihuahua,130.1335,Norte
01/07/2006,Chihuahua,119.058,Norte
01/10/2006,Chihuahua,110.9057,Norte
01/01/2007,Chihuahua,105.4463,Norte
01/04/2007,Chihuahua,115.23,Norte
01/07/2007,Chihuahua,121.7652,Norte
01/10/2007,Chihuahua,117.7763,Norte
01/01/2008,Chihuahua,112.852,Norte
01/04/2008,Chihuahua,128.9261,Norte
01/07/2008,Chihuahua,120.4845,Norte
01/10/2008,Chihuahua,112.5278,Norte
01/01/2009,Chihuahua,107.4978,Norte
01/04/2009,Chihuahua,105.9515,Norte
01/07/2009,Chihuahua,101.5411,Norte
01/10/2009,Chihuahua,92.8345,Norte
01/01/2010,Chihuahua,97.8417,Norte
01/04/2010,Chihuahua,105.8899,Norte
01/07/2010,Chihuahua,100.2682,Norte
01/10/2010,Chihuahua,93.842,Norte
01/01/2011,Chihuahua,97.4327,Norte
01/04/2011,Chihuahua,109.3475,Norte
01/07/2011,Chihuahua,109.5461,Norte
01/10/2011,Chihuahua,102.9709,Norte
01/01/2012,Chihuahua,107.7142,Norte
01/04/2012,Chihuahua,130.1724,Norte
01/07/2012,Chihuahua,118.7217,Norte
01/10/2012,Chihuahua,110.2108,Norte
01/01/2013,Chihuahua,121.4266,Norte
01/04/2013,Chihuahua,138.4651,Norte
01/07/2013,Chihuahua,134.5644,Norte
01/10/2013,Chihuahua,124.7605,Norte
01/01/2014,Chihuahua,133.3558,Norte
01/04/2014,Chihuahua,147.6889,Norte
01/07/2014,Chihuahua,128.3004,Norte
01/10/2014,Chihuahua,144.8547,Norte
01/01/2015,Chihuahua,141.7042,Norte
01/04/2015,Chihuahua,177.7646,Norte
01/07/2015,Chihuahua,172.8966,Norte
01/10/2015,Chihuahua,160.4097,Norte
01/01/2016,Chihuahua,163.8925,Norte
01/04/2016,Chihuahua,183.3595,Norte
01/07/2016,Chihuahua,184.9891,Norte
01/10/2016,Chihuahua,173.1972,Norte
01/01/2017,Chihuahua,187.7753,Norte
01/04/2017,Chihuahua,205.5889,Norte
01/07/2017,Chihuahua,211.9919,Norte
01/10/2017,Chihuahua,220.2941,Norte
01/01/2018,Chihuahua,204.5035,Norte
01/04/2018,Chihuahua,263.5573,Norte
01/07/2018,Chihuahua,261.2205,Norte
01/10/2018,Chihuahua,262.5598,Norte
01/01/2019,Chihuahua,249.0883,Norte
01/04/2019,Chihuahua,302.1997,Norte
01/07/2019,Chihuahua,305.7095,Norte
01/10/2019,Chihuahua,277.5318,Norte
01/01/2020,Chihuahua,285.0273,Norte
01/04/2020,Chihuahua,349.1137,Norte
01/07/2020,Chihuahua,335.8234,Norte
01/10/2020,Chihuahua,308.7654,Norte
01/01/2021,Chihuahua,338.5255,Norte
01/04/2021,Chihuahua,412.6818,Norte
01/01/2003,Ciudad de México,159.7439,Centro
01/04/2003,Ciudad de México,203.4132,Centro
01/07/2003,Ciudad de México,236.9725,Centro
01/10/2003,Ciudad de México,214.6294,Centro
01/01/2004,Ciudad de México,187.3776,Centro
01/04/2004,Ciudad de México,251.2259,Centro
01/07/2004,Ciudad de México,247.4253,Centro
01/10/2004,Ciudad de México,235.6437,Centro
01/01/2005,Ciudad de México,253.3276,Centro
01/04/2005,Ciudad de México,328.8473,Centro
01/07/2005,Ciudad de México,347.5536,Centro
01/10/2005,Ciudad de México,382.9214,Centro
01/01/2006,Ciudad de México,394.7934,Centro
01/04/2006,Ciudad de México,386.1937,Centro
01/07/2006,Ciudad de México,362.8837,Centro
01/10/2006,Ciudad de México,346.5225,Centro
01/01/2007,Ciudad de México,248.2769,Centro
01/04/2007,Ciudad de México,269.9448,Centro
01/07/2007,Ciudad de México,274.5622,Centro
01/10/2007,Ciudad de México,265.7777,Centro
01/01/2008,Ciudad de México,248.2539,Centro
01/04/2008,Ciudad de México,289.1037,Centro
01/07/2008,Ciudad de México,269.4708,Centro
01/10/2008,Ciudad de México,277.0339,Centro
01/01/2009,Ciudad de México,247.7919,Centro
01/04/2009,Ciudad de México,249.6891,Centro
01/07/2009,Ciudad de México,244.3822,Centro
01/10/2009,Ciudad de México,223.9916,Centro
01/01/2010,Ciudad de México,224.2872,Centro
01/04/2010,Ciudad de México,267.1901,Centro
01/07/2010,Ciudad de México,262.1296,Centro
01/10/2010,Ciudad de México,245.6721,Centro
01/01/2011,Ciudad de México,250.7445,Centro
01/04/2011,Ciudad de México,297.9777,Centro
01/07/2011,Ciudad de México,311.5597,Centro
01/10/2011,Ciudad de México,291.6427,Centro
01/01/2012,Ciudad de México,287.1571,Centro
01/04/2012,Ciudad de México,300.2027,Centro
01/07/2012,Ciudad de México,240.1006,Centro
01/10/2012,Ciudad de México,186.102,Centro
01/01/2013,Ciudad de México,299.549,Centro
01/04/2013,Ciudad de México,380.1811,Centro
01/07/2013,Ciudad de México,367.1149,Centro
01/10/2013,Ciudad de México,347.7484,Centro
01/01/2014,Ciudad de México,406.7641,Centro
01/04/2014,Ciudad de México,436.5493,Centro
01/07/2014,Ciudad de México,341.0972,Centro
01/10/2014,Ciudad de México,329.5391,Centro
01/01/2015,Ciudad de México,252.3952,Centro
01/04/2015,Ciudad de México,266.9578,Centro
01/07/2015,Ciudad de México,269.6135,Centro
01/10/2015,Ciudad de México,284.3088,Centro
01/01/2016,Ciudad de México,314.0065,Centro
01/04/2016,Ciudad de México,359.0052,Centro
01/07/2016,Ciudad de México,370.8367,Centro
01/10/2016,Ciudad de México,365.4528,Centro
01/01/2017,Ciudad de México,308.1035,Centro
01/04/2017,Ciudad de México,327.3466,Centro
01/07/2017,Ciudad de México,339.2728,Centro
01/10/2017,Ciudad de México,331.2119,Centro
01/01/2018,Ciudad de México,302.8225,Centro
01/04/2018,Ciudad de México,379.0855,Centro
01/07/2018,Ciudad de México,345.4959,Centro
01/10/2018,Ciudad de México,409.8275,Centro
01/01/2019,Ciudad de México,383.0683,Centro
01/04/2019,Ciudad de México,443.6658,Centro
01/07/2019,Ciudad de México,458.4224,Centro
01/10/2019,Ciudad de México,438.509,Centro
01/01/2020,Ciudad de México,480.1652,Centro
01/04/2020,Ciudad de México,498.4112,Centro
01/07/2020,Ciudad de México,584.5409,Centro
01/10/2020,Ciudad de México,578.3983,Centro
01/01/2021,Ciudad de México,610.1813,Centro
01/04/2021,Ciudad de México,715.8643,Centro
01/01/2003,Durango,56.2264,CentroNorte
01/04/2003,Durango,68.0159,CentroNorte
01/07/2003,Durango,70.7405,CentroNorte
01/10/2003,Durango,67.504,CentroNorte
01/01/2004,Durango,67.0911,CentroNorte
01/04/2004,Durango,87.5094,CentroNorte
01/07/2004,Durango,88.8864,CentroNorte
01/10/2004,Durango,86.1804,CentroNorte
01/01/2005,Durango,83.636,CentroNorte
01/04/2005,Durango,104.5778,CentroNorte
01/07/2005,Durango,102.1362,CentroNorte
01/10/2005,Durango,93.9506,CentroNorte
01/01/2006,Durango,95.7312,CentroNorte
01/04/2006,Durango,116.9134,CentroNorte
01/07/2006,Durango,111.6796,CentroNorte
01/10/2006,Durango,104.1717,CentroNorte
01/01/2007,Durango,102.9435,CentroNorte
01/04/2007,Durango,119.1787,CentroNorte
01/07/2007,Durango,119.8897,CentroNorte
01/10/2007,Durango,111.0419,CentroNorte
01/01/2008,Durango,102.6949,CentroNorte
01/04/2008,Durango,120.9582,CentroNorte
01/07/2008,Durango,112.8513,CentroNorte
01/10/2008,Durango,105.4968,CentroNorte
01/01/2009,Durango,97.5578,CentroNorte
01/04/2009,Durango,99.2683,CentroNorte
01/07/2009,Durango,93.5638,CentroNorte
01/10/2009,Durango,84.3969,CentroNorte
01/01/2010,Durango,84.4473,CentroNorte
01/04/2010,Durango,103.7767,CentroNorte
01/07/2010,Durango,97.7085,CentroNorte
01/10/2010,Durango,93.17,CentroNorte
01/01/2011,Durango,93.266,CentroNorte
01/04/2011,Durango,110.6457,CentroNorte
01/07/2011,Durango,111.0496,CentroNorte
01/10/2011,Durango,101.6582,CentroNorte
01/01/2012,Durango,100.5991,CentroNorte
01/04/2012,Durango,119.6335,CentroNorte
01/07/2012,Durango,108.8925,CentroNorte
01/10/2012,Durango,101.9645,CentroNorte
01/01/2013,Durango,100.4012,CentroNorte
01/04/2013,Durango,122.8904,CentroNorte
01/07/2013,Durango,119.2885,CentroNorte
01/10/2013,Durango,116.3309,CentroNorte
01/01/2014,Durango,106.2887,CentroNorte
01/04/2014,Durango,124.9961,CentroNorte
01/07/2014,Durango,130.5383,CentroNorte
01/10/2014,Durango,129.1464,CentroNorte
01/01/2015,Durango,117.1409,CentroNorte
01/04/2015,Durango,196.5377,CentroNorte
01/07/2015,Durango,145.8666,CentroNorte
01/10/2015,Durango,133.918,CentroNorte
01/01/2016,Durango,128.5103,CentroNorte
01/04/2016,Durango,154.9773,CentroNorte
01/07/2016,Durango,163.9028,CentroNorte
01/10/2016,Durango,156.5759,CentroNorte
01/01/2017,Durango,149.2855,CentroNorte
01/04/2017,Durango,181.2834,CentroNorte
01/07/2017,Durango,194.5927,CentroNorte
01/10/2017,Durango,190.1103,CentroNorte
01/01/2018,Durango,159.7752,CentroNorte
01/04/2018,Durango,218.4201,CentroNorte
01/07/2018,Durango,218.5424,CentroNorte
01/10/2018,Durango,212.1512,CentroNorte
01/01/2019,Durango,178.7915,CentroNorte
01/04/2019,Durango,226.2949,CentroNorte
01/07/2019,Durango,248.1987,CentroNorte
01/10/2019,Durango,226.1935,CentroNorte
01/01/2020,Durango,214.7269,CentroNorte
01/04/2020,Durango,240.8553,CentroNorte
01/07/2020,Durango,246.2668,CentroNorte
01/10/2020,Durango,253.3996,CentroNorte
01/01/2021,Durango,246.082,CentroNorte
01/04/2021,Durango,323.0532,CentroNorte
01/01/2003,Estado de México,230.5399,Centro
01/04/2003,Estado de México,280.8131,Centro
01/07/2003,Estado de México,288.2926,Centro
01/10/2003,Estado de México,306.8104,Centro
01/01/2004,Estado de México,282.1747,Centro
01/04/2004,Estado de México,382.4993,Centro
01/07/2004,Estado de México,406.4079,Centro
01/10/2004,Estado de México,374.7064,Centro
01/01/2005,Estado de México,353.3164,Centro
01/04/2005,Estado de México,462.1955,Centro
01/07/2005,Estado de México,474.1299,Centro
01/10/2005,Estado de México,475.2358,Centro
01/01/2006,Estado de México,452.3239,Centro
01/04/2006,Estado de México,572.8749,Centro
01/07/2006,Estado de México,544.1694,Centro
01/10/2006,Estado de México,509.7796,Centro
01/01/2007,Estado de México,485.4589,Centro
01/04/2007,Estado de México,562.8682,Centro
01/07/2007,Estado de México,587.437,Centro
01/10/2007,Estado de México,531.254,Centro
01/01/2008,Estado de México,466.5684,Centro
01/04/2008,Estado de México,553.8718,Centro
01/07/2008,Estado de México,531.5007,Centro
01/10/2008,Estado de México,514.7625,Centro
01/01/2009,Estado de México,441.9883,Centro
01/04/2009,Estado de México,446.9798,Centro
01/07/2009,Estado de México,430.8442,Centro
01/10/2009,Estado de México,380.9564,Centro
01/01/2010,Estado de México,384.4495,Centro
01/04/2010,Estado de México,446.127,Centro
01/07/2010,Estado de México,424.4336,Centro
01/10/2010,Estado de México,382.54,Centro
01/01/2011,Estado de México,374.0619,Centro
01/04/2011,Estado de México,446.5075,Centro
01/07/2011,Estado de México,448.375,Centro
01/10/2011,Estado de México,389.4311,Centro
01/01/2012,Estado de México,376.1745,Centro
01/04/2012,Estado de México,446.6675,Centro
01/07/2012,Estado de México,381.4985,Centro
01/10/2012,Estado de México,359.4431,Centro
01/01/2013,Estado de México,331.9034,Centro
01/04/2013,Estado de México,392.9364,Centro
01/07/2013,Estado de México,367.0923,Centro
01/10/2013,Estado de México,341.0658,Centro
01/01/2014,Estado de México,335.7256,Centro
01/04/2014,Estado de México,373.9506,Centro
01/07/2014,Estado de México,370.9478,Centro
01/10/2014,Estado de México,381.5085,Centro
01/01/2015,Estado de México,369.4966,Centro
01/04/2015,Estado de México,397.8039,Centro
01/07/2015,Estado de México,405.7588,Centro
01/10/2015,Estado de México,386.2712,Centro
01/01/2016,Estado de México,380.2463,Centro
01/04/2016,Estado de México,416.0994,Centro
01/07/2016,Estado de México,399.2367,Centro
01/10/2016,Estado de México,411.3639,Centro
01/01/2017,Estado de México,411.0159,Centro
01/04/2017,Estado de México,454.8711,Centro
01/07/2017,Estado de México,449.0991,Centro
01/10/2017,Estado de México,462.7584,Centro
01/01/2018,Estado de México,415.6999,Centro
01/04/2018,Estado de México,510.651,Centro
01/07/2018,Estado de México,479.9084,Centro
01/10/2018,Estado de México,506.081,Centro
01/01/2019,Estado de México,454.6927,Centro
01/04/2019,Estado de México,539.1927,Centro
01/07/2019,Estado de México,542.1137,Centro
01/10/2019,Estado de México,518.8503,Centro
01/01/2020,Estado de México,540.7642,Centro
01/04/2020,Estado de México,531.9255,Centro
01/07/2020,Estado de México,692.7393,Centro
01/10/2020,Estado de México,650.2149,Centro
01/01/2021,Estado de México,628.8026,Centro
01/04/2021,Estado de México,783.5919,Centro
01/01/2003,Guanajuato,287.6171,CentroNorte
01/04/2003,Guanajuato,379.5424,CentroNorte
01/07/2003,Guanajuato,388.6516,CentroNorte
01/10/2003,Guanajuato,351.6461,CentroNorte
01/01/2004,Guanajuato,353.0338,CentroNorte
01/04/2004,Guanajuato,483.5346,CentroNorte
01/07/2004,Guanajuato,484.5806,CentroNorte
01/10/2004,Guanajuato,406.8386,CentroNorte
01/01/2005,Guanajuato,392.3325,CentroNorte
01/04/2005,Guanajuato,526.3812,CentroNorte
01/07/2005,Guanajuato,516.7954,CentroNorte
01/10/2005,Guanajuato,469.2516,CentroNorte
01/01/2006,Guanajuato,487.7,CentroNorte
01/04/2006,Guanajuato,646.0754,CentroNorte
01/07/2006,Guanajuato,629.0415,CentroNorte
01/10/2006,Guanajuato,548.3864,CentroNorte
01/01/2007,Guanajuato,528.8281,CentroNorte
01/04/2007,Guanajuato,658.5406,CentroNorte
01/07/2007,Guanajuato,644.9786,CentroNorte
01/10/2007,Guanajuato,556.6485,CentroNorte
01/01/2008,Guanajuato,521.8886,CentroNorte
01/04/2008,Guanajuato,646.4238,CentroNorte
01/07/2008,Guanajuato,595.8876,CentroNorte
01/10/2008,Guanajuato,553.4678,CentroNorte
01/01/2009,Guanajuato,499.6042,CentroNorte
01/04/2009,Guanajuato,528.1867,CentroNorte
01/07/2009,Guanajuato,497.4493,CentroNorte
01/10/2009,Guanajuato,419.6305,CentroNorte
01/01/2010,Guanajuato,432.7083,CentroNorte
01/04/2010,Guanajuato,555.4349,CentroNorte
01/07/2010,Guanajuato,525.4313,CentroNorte
01/10/2010,Guanajuato,467.7576,CentroNorte
01/01/2011,Guanajuato,473.4079,CentroNorte
01/04/2011,Guanajuato,581.9586,CentroNorte
01/07/2011,Guanajuato,586.8589,CentroNorte
01/10/2011,Guanajuato,513.561,CentroNorte
01/01/2012,Guanajuato,499.9676,CentroNorte
01/04/2012,Guanajuato,631.7379,CentroNorte
01/07/2012,Guanajuato,515.627,CentroNorte
01/10/2012,Guanajuato,490.9629,CentroNorte
01/01/2013,Guanajuato,451.9885,CentroNorte
01/04/2013,Guanajuato,568.0388,CentroNorte
01/07/2013,Guanajuato,509.1018,CentroNorte
01/10/2013,Guanajuato,478.4533,CentroNorte
01/01/2014,Guanajuato,489.301,CentroNorte
01/04/2014,Guanajuato,564.3787,CentroNorte
01/07/2014,Guanajuato,544.2585,CentroNorte
01/10/2014,Guanajuato,498.5246,CentroNorte
01/01/2015,Guanajuato,509.2074,CentroNorte
01/04/2015,Guanajuato,540.9624,CentroNorte
01/07/2015,Guanajuato,612.6407,CentroNorte
01/10/2015,Guanajuato,555.652,CentroNorte
01/01/2016,Guanajuato,550.7371,CentroNorte
01/04/2016,Guanajuato,628.0464,CentroNorte
01/07/2016,Guanajuato,625.5936,CentroNorte
01/10/2016,Guanajuato,607.7674,CentroNorte
01/01/2017,Guanajuato,606.8908,CentroNorte
01/04/2017,Guanajuato,706.9571,CentroNorte
01/07/2017,Guanajuato,707.4835,CentroNorte
01/10/2017,Guanajuato,752.2154,CentroNorte
01/01/2018,Guanajuato,633.4854,CentroNorte
01/04/2018,Guanajuato,832.0547,CentroNorte
01/07/2018,Guanajuato,773.9867,CentroNorte
01/10/2018,Guanajuato,818.3405,CentroNorte
01/01/2019,Guanajuato,695.5197,CentroNorte
01/04/2019,Guanajuato,863.8333,CentroNorte
01/07/2019,Guanajuato,907.2957,CentroNorte
01/10/2019,Guanajuato,855.263,CentroNorte
01/01/2020,Guanajuato,822.3762,CentroNorte
01/04/2020,Guanajuato,917.2354,CentroNorte
01/07/2020,Guanajuato,847.8681,CentroNorte
01/10/2020,Guanajuato,881.2511,CentroNorte
01/01/2021,Guanajuato,860.4866,CentroNorte
01/04/2021,Guanajuato,"1,096.93",CentroNorte
01/01/2003,Guerrero,197.8474,CentroSur
01/04/2003,Guerrero,223.6489,CentroSur
01/07/2003,Guerrero,224.0639,CentroSur
01/10/2003,Guerrero,231.8889,CentroSur
01/01/2004,Guerrero,220.3849,CentroSur
01/04/2004,Guerrero,271.1678,CentroSur
01/07/2004,Guerrero,266.8503,CentroSur
01/10/2004,Guerrero,259.9445,CentroSur
01/01/2005,Guerrero,256.9729,CentroSur
01/04/2005,Guerrero,311.2756,CentroSur
01/07/2005,Guerrero,300.0687,CentroSur
01/10/2005,Guerrero,306.2901,CentroSur
01/01/2006,Guerrero,325.5995,CentroSur
01/04/2006,Guerrero,391.7443,CentroSur
01/07/2006,Guerrero,370.9933,CentroSur
01/10/2006,Guerrero,367.3848,CentroSur
01/01/2007,Guerrero,345.3268,CentroSur
01/04/2007,Guerrero,388.7175,CentroSur
01/07/2007,Guerrero,389.3539,CentroSur
01/10/2007,Guerrero,366.1606,CentroSur
01/01/2008,Guerrero,340.0444,CentroSur
01/04/2008,Guerrero,388.7503,CentroSur
01/07/2008,Guerrero,351.1277,CentroSur
01/10/2008,Guerrero,355.5396,CentroSur
01/01/2009,Guerrero,318.9848,CentroSur
01/04/2009,Guerrero,310.4665,CentroSur
01/07/2009,Guerrero,295.5771,CentroSur
01/10/2009,Guerrero,275.2327,CentroSur
01/01/2010,Guerrero,277.8127,CentroSur
01/04/2010,Guerrero,337.0437,CentroSur
01/07/2010,Guerrero,302.8649,CentroSur
01/10/2010,Guerrero,283.7603,CentroSur
01/01/2011,Guerrero,294.2487,CentroSur
01/04/2011,Guerrero,342.1935,CentroSur
01/07/2011,Guerrero,329.2488,CentroSur
01/10/2011,Guerrero,296.6662,CentroSur
01/01/2012,Guerrero,303.9454,CentroSur
01/04/2012,Guerrero,343.6958,CentroSur
01/07/2012,Guerrero,287.3849,CentroSur
01/10/2012,Guerrero,295.984,CentroSur
01/01/2013,Guerrero,281.207,CentroSur
01/04/2013,Guerrero,332.1242,CentroSur
01/07/2013,Guerrero,287.8894,CentroSur
01/10/2013,Guerrero,304.039,CentroSur
01/01/2014,Guerrero,284.4901,CentroSur
01/04/2014,Guerrero,314.669,CentroSur
01/07/2014,Guerrero,317.5415,CentroSur
01/10/2014,Guerrero,286.7815,CentroSur
01/01/2015,Guerrero,285.092,CentroSur
01/04/2015,Guerrero,338.5628,CentroSur
01/07/2015,Guerrero,329.6718,CentroSur
01/10/2015,Guerrero,323.3599,CentroSur
01/01/2016,Guerrero,333.3327,CentroSur
01/04/2016,Guerrero,359.7286,CentroSur
01/07/2016,Guerrero,329.3159,CentroSur
01/10/2016,Guerrero,347.7921,CentroSur
01/01/2017,Guerrero,357.8801,CentroSur
01/04/2017,Guerrero,383.9982,CentroSur
01/07/2017,Guerrero,361.4163,CentroSur
01/10/2017,Guerrero,386.9369,CentroSur
01/01/2018,Guerrero,364.2111,CentroSur
01/04/2018,Guerrero,437.3341,CentroSur
01/07/2018,Guerrero,391.0645,CentroSur
01/10/2018,Guerrero,427.5896,CentroSur
01/01/2019,Guerrero,397.4558,CentroSur
01/04/2019,Guerrero,461.2332,CentroSur
01/07/2019,Guerrero,453.137,CentroSur
01/10/2019,Guerrero,444.7929,CentroSur
01/01/2020,Guerrero,472.5111,CentroSur
01/04/2020,Guerrero,452.0717,CentroSur
01/07/2020,Guerrero,485.1573,CentroSur
01/10/2020,Guerrero,532.1243,CentroSur
01/01/2021,Guerrero,540.7533,CentroSur
01/04/2021,Guerrero,660.2454,CentroSur
01/01/2003,Hidalgo,117.1057,CentroSur
01/04/2003,Hidalgo,160.3518,CentroSur
01/07/2003,Hidalgo,172.8014,CentroSur
01/10/2003,Hidalgo,158.1896,CentroSur
01/01/2004,Hidalgo,138.3583,CentroSur
01/04/2004,Hidalgo,204.3108,CentroSur
01/07/2004,Hidalgo,206.1733,CentroSur
01/10/2004,Hidalgo,176.7416,CentroSur
01/01/2005,Hidalgo,158.8898,CentroSur
01/04/2005,Hidalgo,222.4077,CentroSur
01/07/2005,Hidalgo,225.2904,CentroSur
01/10/2005,Hidalgo,208.3946,CentroSur
01/01/2006,Hidalgo,206.8253,CentroSur
01/04/2006,Hidalgo,277.8944,CentroSur
01/07/2006,Hidalgo,263.7453,CentroSur
01/10/2006,Hidalgo,234.3818,CentroSur
01/01/2007,Hidalgo,238.9438,CentroSur
01/04/2007,Hidalgo,299.6473,CentroSur
01/07/2007,Hidalgo,297.2539,CentroSur
01/10/2007,Hidalgo,256.3808,CentroSur
01/01/2008,Hidalgo,216.0516,CentroSur
01/04/2008,Hidalgo,268.6124,CentroSur
01/07/2008,Hidalgo,245.0883,CentroSur
01/10/2008,Hidalgo,231.2179,CentroSur
01/01/2009,Hidalgo,190.9996,CentroSur
01/04/2009,Hidalgo,206.1857,CentroSur
01/07/2009,Hidalgo,193.3901,CentroSur
01/10/2009,Hidalgo,161.4905,CentroSur
01/01/2010,Hidalgo,155.0171,CentroSur
01/04/2010,Hidalgo,202.8274,CentroSur
01/07/2010,Hidalgo,192.7422,CentroSur
01/10/2010,Hidalgo,164.925,CentroSur
01/01/2011,Hidalgo,160.713,CentroSur
01/04/2011,Hidalgo,208.5627,CentroSur
01/07/2011,Hidalgo,213.2398,CentroSur
01/10/2011,Hidalgo,180.1462,CentroSur
01/01/2012,Hidalgo,167.144,CentroSur
01/04/2012,Hidalgo,220.8771,CentroSur
01/07/2012,Hidalgo,174.977,CentroSur
01/10/2012,Hidalgo,158.4901,CentroSur
01/01/2013,Hidalgo,133.5088,CentroSur
01/04/2013,Hidalgo,167.6663,CentroSur
01/07/2013,Hidalgo,169.4825,CentroSur
01/10/2013,Hidalgo,159.4831,CentroSur
01/01/2014,Hidalgo,134.5344,CentroSur
01/04/2014,Hidalgo,164.4866,CentroSur
01/07/2014,Hidalgo,190.0364,CentroSur
01/10/2014,Hidalgo,231.4415,CentroSur
01/01/2015,Hidalgo,180.902,CentroSur
01/04/2015,Hidalgo,182.7953,CentroSur
01/07/2015,Hidalgo,192.6684,CentroSur
01/10/2015,Hidalgo,171.329,CentroSur
01/01/2016,Hidalgo,166.5018,CentroSur
01/04/2016,Hidalgo,201.3261,CentroSur
01/07/2016,Hidalgo,201.0946,CentroSur
01/10/2016,Hidalgo,194.824,CentroSur
01/01/2017,Hidalgo,189.1456,CentroSur
01/04/2017,Hidalgo,214.6278,CentroSur
01/07/2017,Hidalgo,214.0477,CentroSur
01/10/2017,Hidalgo,216.851,CentroSur
01/01/2018,Hidalgo,185.0761,CentroSur
01/04/2018,Hidalgo,249.0207,CentroSur
01/07/2018,Hidalgo,234.2932,CentroSur
01/10/2018,Hidalgo,236.5755,CentroSur
01/01/2019,Hidalgo,201.5517,CentroSur
01/04/2019,Hidalgo,254.7647,CentroSur
01/07/2019,Hidalgo,266.9913,CentroSur
01/10/2019,Hidalgo,239.001,CentroSur
01/01/2020,Hidalgo,232.7981,CentroSur
01/04/2020,Hidalgo,249.9561,CentroSur
01/07/2020,Hidalgo,277.1654,CentroSur
01/10/2020,Hidalgo,263.0243,CentroSur
01/01/2021,Hidalgo,253.3405,CentroSur
01/04/2021,Hidalgo,325.3265,CentroSur
01/01/2003,Jalisco,281.2503,CentroNorte
01/04/2003,Jalisco,363.3593,CentroNorte
01/07/2003,Jalisco,372.2595,CentroNorte
01/10/2003,Jalisco,318.196,CentroNorte
01/01/2004,Jalisco,314.2456,CentroNorte
01/04/2004,Jalisco,390.9972,CentroNorte
01/07/2004,Jalisco,383.6351,CentroNorte
01/10/2004,Jalisco,373.3512,CentroNorte
01/01/2005,Jalisco,374.5538,CentroNorte
01/04/2005,Jalisco,438.8012,CentroNorte
01/07/2005,Jalisco,440.7185,CentroNorte
01/10/2005,Jalisco,441.6665,CentroNorte
01/01/2006,Jalisco,451.9396,CentroNorte
01/04/2006,Jalisco,520.156,CentroNorte
01/07/2006,Jalisco,502.4231,CentroNorte
01/10/2006,Jalisco,500.9563,CentroNorte
01/01/2007,Jalisco,483.6008,CentroNorte
01/04/2007,Jalisco,520.4847,CentroNorte
01/07/2007,Jalisco,511.0421,CentroNorte
01/10/2007,Jalisco,481.5331,CentroNorte
01/01/2008,Jalisco,453.3153,CentroNorte
01/04/2008,Jalisco,507.8915,CentroNorte
01/07/2008,Jalisco,473.5364,CentroNorte
01/10/2008,Jalisco,480.0506,CentroNorte
01/01/2009,Jalisco,455.3365,CentroNorte
01/04/2009,Jalisco,448.9797,CentroNorte
01/07/2009,Jalisco,409.8681,CentroNorte
01/10/2009,Jalisco,380.9075,CentroNorte
01/01/2010,Jalisco,413.4921,CentroNorte
01/04/2010,Jalisco,470.3065,CentroNorte
01/07/2010,Jalisco,444.3774,CentroNorte
01/10/2010,Jalisco,427.3934,CentroNorte
01/01/2011,Jalisco,438.0735,CentroNorte
01/04/2011,Jalisco,486.7138,CentroNorte
01/07/2011,Jalisco,504.2452,CentroNorte
01/10/2011,Jalisco,466.7539,CentroNorte
01/01/2012,Jalisco,463.4339,CentroNorte
01/04/2012,Jalisco,542.9039,CentroNorte
01/07/2012,Jalisco,436.4033,CentroNorte
01/10/2012,Jalisco,440.7644,CentroNorte
01/01/2013,Jalisco,402.7842,CentroNorte
01/04/2013,Jalisco,479.9296,CentroNorte
01/07/2013,Jalisco,438.796,CentroNorte
01/10/2013,Jalisco,433.5058,CentroNorte
01/01/2014,Jalisco,459.3074,CentroNorte
01/04/2014,Jalisco,489.0293,CentroNorte
01/07/2014,Jalisco,464.1249,CentroNorte
01/10/2014,Jalisco,547.3912,CentroNorte
01/01/2015,Jalisco,539.3932,CentroNorte
01/04/2015,Jalisco,505.4824,CentroNorte
01/07/2015,Jalisco,577.65,CentroNorte
01/10/2015,Jalisco,551.5886,CentroNorte
01/01/2016,Jalisco,587.3121,CentroNorte
01/04/2016,Jalisco,651.8037,CentroNorte
01/07/2016,Jalisco,636.1883,CentroNorte
01/10/2016,Jalisco,645.498,CentroNorte
01/01/2017,Jalisco,652.4474,CentroNorte
01/04/2017,Jalisco,720.1047,CentroNorte
01/07/2017,Jalisco,727.2037,CentroNorte
01/10/2017,Jalisco,781.6861,CentroNorte
01/01/2018,Jalisco,710.564,CentroNorte
01/04/2018,Jalisco,906.6662,CentroNorte
01/07/2018,Jalisco,800.3391,CentroNorte
01/10/2018,Jalisco,887.2411,CentroNorte
01/01/2019,Jalisco,782.9951,CentroNorte
01/04/2019,Jalisco,909.4205,CentroNorte
01/07/2019,Jalisco,942.5295,CentroNorte
01/10/2019,Jalisco,902.0227,CentroNorte
01/01/2020,Jalisco,989.6766,CentroNorte
01/04/2020,Jalisco,"1,043.21",CentroNorte
01/07/2020,Jalisco,"1,038.71",CentroNorte
01/10/2020,Jalisco,"1,081.60",CentroNorte
01/01/2021,Jalisco,"1,166.85",CentroNorte
01/04/2021,Jalisco,"1,325.76",CentroNorte
01/01/2003,Michoacán,394.2626,CentroSur
01/04/2003,Michoacán,466.3701,CentroSur
01/07/2003,Michoacán,473.9192,CentroSur
01/10/2003,Michoacán,452.9158,CentroSur
01/01/2004,Michoacán,474.7085,CentroSur
01/04/2004,Michoacán,630.2875,CentroSur
01/07/2004,Michoacán,615.119,CentroSur
01/10/2004,Michoacán,561.2882,CentroSur
01/01/2005,Michoacán,532.1029,CentroSur
01/04/2005,Michoacán,652.5181,CentroSur
01/07/2005,Michoacán,642.3117,CentroSur
01/10/2005,Michoacán,615.4683,CentroSur
01/01/2006,Michoacán,595.8028,CentroSur
01/04/2006,Michoacán,674.4036,CentroSur
01/07/2006,Michoacán,641.4188,CentroSur
01/10/2006,Michoacán,592.067,CentroSur
01/01/2007,Michoacán,580.2547,CentroSur
01/04/2007,Michoacán,645.1319,CentroSur
01/07/2007,Michoacán,635.3457,CentroSur
01/10/2007,Michoacán,575.0728,CentroSur
01/01/2008,Michoacán,567.874,CentroSur
01/04/2008,Michoacán,656.0174,CentroSur
01/07/2008,Michoacán,611.5091,CentroSur
01/10/2008,Michoacán,613.4618,CentroSur
01/01/2009,Michoacán,563.8988,CentroSur
01/04/2009,Michoacán,558.7366,CentroSur
01/07/2009,Michoacán,530.2964,CentroSur
01/10/2009,Michoacán,479.3517,CentroSur
01/01/2010,Michoacán,496.9437,CentroSur
01/04/2010,Michoacán,585.3163,CentroSur
01/07/2010,Michoacán,549.6632,CentroSur
01/10/2010,Michoacán,512.5789,CentroSur
01/01/2011,Michoacán,517.7296,CentroSur
01/04/2011,Michoacán,584.8513,CentroSur
01/07/2011,Michoacán,590.787,CentroSur
01/10/2011,Michoacán,551.6884,CentroSur
01/01/2012,Michoacán,539.7554,CentroSur
01/04/2012,Michoacán,635.5297,CentroSur
01/07/2012,Michoacán,520.0262,CentroSur
01/10/2012,Michoacán,514.0446,CentroSur
01/01/2013,Michoacán,473.2018,CentroSur
01/04/2013,Michoacán,557.0199,CentroSur
01/07/2013,Michoacán,508.3566,CentroSur
01/10/2013,Michoacán,510.145,CentroSur
01/01/2014,Michoacán,516.3998,CentroSur
01/04/2014,Michoacán,560.7314,CentroSur
01/07/2014,Michoacán,560.1193,CentroSur
01/10/2014,Michoacán,606.7766,CentroSur
01/01/2015,Michoacán,602.9751,CentroSur
01/04/2015,Michoacán,585.7803,CentroSur
01/07/2015,Michoacán,660.3542,CentroSur
01/10/2015,Michoacán,638.5099,CentroSur
01/01/2016,Michoacán,643.1071,CentroSur
01/04/2016,Michoacán,702.6053,CentroSur
01/07/2016,Michoacán,682.2493,CentroSur
01/10/2016,Michoacán,717.467,CentroSur
01/01/2017,Michoacán,701.9936,CentroSur
01/04/2017,Michoacán,761.6517,CentroSur
01/07/2017,Michoacán,748.2775,CentroSur
01/10/2017,Michoacán,826.0102,CentroSur
01/01/2018,Michoacán,731.1634,CentroSur
01/04/2018,Michoacán,909.449,CentroSur
01/07/2018,Michoacán,821.8907,CentroSur
01/10/2018,Michoacán,943.1765,CentroSur
01/01/2019,Michoacán,789.5198,CentroSur
01/04/2019,Michoacán,921.3376,CentroSur
01/07/2019,Michoacán,959.3305,CentroSur
01/10/2019,Michoacán,952.954,CentroSur
01/01/2020,Michoacán,963.2352,CentroSur
01/04/2020,Michoacán,"1,009.03",CentroSur
01/07/2020,Michoacán,995.8123,CentroSur
01/10/2020,Michoacán,"1,087.60",CentroSur
01/01/2021,Michoacán,"1,047.64",CentroSur
01/04/2021,Michoacán,"1,273.03",CentroSur
01/01/2003,Morelos,82.0447,CentroSur
01/04/2003,Morelos,96.0133,CentroSur
01/07/2003,Morelos,98.1532,CentroSur
01/10/2003,Morelos,96.9521,CentroSur
01/01/2004,Morelos,90.7133,CentroSur
01/04/2004,Morelos,114.6308,CentroSur
01/07/2004,Morelos,116.5146,CentroSur
01/10/2004,Morelos,111.3236,CentroSur
01/01/2005,Morelos,106.3381,CentroSur
01/04/2005,Morelos,132.1542,CentroSur
01/07/2005,Morelos,132.9232,CentroSur
01/10/2005,Morelos,133.7358,CentroSur
01/01/2006,Morelos,132.1375,CentroSur
01/04/2006,Morelos,155.9915,CentroSur
01/07/2006,Morelos,152.3371,CentroSur
01/10/2006,Morelos,147.5335,CentroSur
01/01/2007,Morelos,145.1718,CentroSur
01/04/2007,Morelos,164.0729,CentroSur
01/07/2007,Morelos,167.2409,CentroSur
01/10/2007,Morelos,158.9156,CentroSur
01/01/2008,Morelos,144.1728,CentroSur
01/04/2008,Morelos,166.0533,CentroSur
01/07/2008,Morelos,157.321,CentroSur
01/10/2008,Morelos,155.0456,CentroSur
01/01/2009,Morelos,141.656,CentroSur
01/04/2009,Morelos,143.1162,CentroSur
01/07/2009,Morelos,137.3187,CentroSur
01/10/2009,Morelos,126.0309,CentroSur
01/01/2010,Morelos,131.402,CentroSur
01/04/2010,Morelos,150.5298,CentroSur
01/07/2010,Morelos,141.4435,CentroSur
01/10/2010,Morelos,131.4844,CentroSur
01/01/2011,Morelos,134.1881,CentroSur
01/04/2011,Morelos,156.8732,CentroSur
01/07/2011,Morelos,156.4467,CentroSur
01/10/2011,Morelos,139.3072,CentroSur
01/01/2012,Morelos,135.5411,CentroSur
01/04/2012,Morelos,161.0558,CentroSur
01/07/2012,Morelos,133.5706,CentroSur
01/10/2012,Morelos,131.0989,CentroSur
01/01/2013,Morelos,117.1541,CentroSur
01/04/2013,Morelos,140.4843,CentroSur
01/07/2013,Morelos,127.8268,CentroSur
01/10/2013,Morelos,129.0402,CentroSur
01/01/2014,Morelos,118.9023,CentroSur
01/04/2014,Morelos,142.8562,CentroSur
01/07/2014,Morelos,132.14,CentroSur
01/10/2014,Morelos,133.7646,CentroSur
01/01/2015,Morelos,127.7855,CentroSur
01/04/2015,Morelos,164.9286,CentroSur
01/07/2015,Morelos,143.0962,CentroSur
01/10/2015,Morelos,137.8687,CentroSur
01/01/2016,Morelos,138.6548,CentroSur
01/04/2016,Morelos,151.5423,CentroSur
01/07/2016,Morelos,144.4786,CentroSur
01/10/2016,Morelos,146.8549,CentroSur
01/01/2017,Morelos,147.7938,CentroSur
01/04/2017,Morelos,165.1253,CentroSur
01/07/2017,Morelos,164.6343,CentroSur
01/10/2017,Morelos,165.0631,CentroSur
01/01/2018,Morelos,147.0802,CentroSur
01/04/2018,Morelos,181.1188,CentroSur
01/07/2018,Morelos,169.071,CentroSur
01/10/2018,Morelos,179.0134,CentroSur
01/01/2019,Morelos,159.8714,CentroSur
01/04/2019,Morelos,186.6388,CentroSur
01/07/2019,Morelos,187.6218,CentroSur
01/10/2019,Morelos,176.1042,CentroSur
01/01/2020,Morelos,178.3393,CentroSur
01/04/2020,Morelos,174.198,CentroSur
01/07/2020,Morelos,196.7199,CentroSur
01/10/2020,Morelos,207.6418,CentroSur
01/01/2021,Morelos,201.8914,CentroSur
01/04/2021,Morelos,252.7726,CentroSur
01/01/2003,Nayarit,48.2627,CentroNorte
01/04/2003,Nayarit,58.6294,CentroNorte
01/07/2003,Nayarit,61.6351,CentroNorte
01/10/2003,Nayarit,58.9999,CentroNorte
01/01/2004,Nayarit,53.4939,CentroNorte
01/04/2004,Nayarit,70.0164,CentroNorte
01/07/2004,Nayarit,72.7572,CentroNorte
01/10/2004,Nayarit,66.1352,CentroNorte
01/01/2005,Nayarit,64.4181,CentroNorte
01/04/2005,Nayarit,77.8645,CentroNorte
01/07/2005,Nayarit,81.1892,CentroNorte
01/10/2005,Nayarit,79.2144,CentroNorte
01/01/2006,Nayarit,76.3275,CentroNorte
01/04/2006,Nayarit,92.5076,CentroNorte
01/07/2006,Nayarit,93.2885,CentroNorte
01/10/2006,Nayarit,86.118,CentroNorte
01/01/2007,Nayarit,82.4545,CentroNorte
01/04/2007,Nayarit,96.0573,CentroNorte
01/07/2007,Nayarit,102.5952,CentroNorte
01/10/2007,Nayarit,94.0535,CentroNorte
01/01/2008,Nayarit,83.3706,CentroNorte
01/04/2008,Nayarit,98.0715,CentroNorte
01/07/2008,Nayarit,97.3409,CentroNorte
01/10/2008,Nayarit,97.667,CentroNorte
01/01/2009,Nayarit,84.8838,CentroNorte
01/04/2009,Nayarit,86.9034,CentroNorte
01/07/2009,Nayarit,90.5033,CentroNorte
01/10/2009,Nayarit,79.3391,CentroNorte
01/01/2010,Nayarit,74.5696,CentroNorte
01/04/2010,Nayarit,88.5654,CentroNorte
01/07/2010,Nayarit,89.8966,CentroNorte
01/10/2010,Nayarit,84.3659,CentroNorte
01/01/2011,Nayarit,80.6943,CentroNorte
01/04/2011,Nayarit,89.945,CentroNorte
01/07/2011,Nayarit,98.2571,CentroNorte
01/10/2011,Nayarit,87.4593,CentroNorte
01/01/2012,Nayarit,80.13,CentroNorte
01/04/2012,Nayarit,93.2212,CentroNorte
01/07/2012,Nayarit,84.2082,CentroNorte
01/10/2012,Nayarit,81.9581,CentroNorte
01/01/2013,Nayarit,71.1607,CentroNorte
01/04/2013,Nayarit,84.9164,CentroNorte
01/07/2013,Nayarit,85.0934,CentroNorte
01/10/2013,Nayarit,79.9077,CentroNorte
01/01/2014,Nayarit,78.8177,CentroNorte
01/04/2014,Nayarit,89.2461,CentroNorte
01/07/2014,Nayarit,96.9162,CentroNorte
01/10/2014,Nayarit,96.7934,CentroNorte
01/01/2015,Nayarit,88.6991,CentroNorte
01/04/2015,Nayarit,89.4095,CentroNorte
01/07/2015,Nayarit,112.556,CentroNorte
01/10/2015,Nayarit,101.7662,CentroNorte
01/01/2016,Nayarit,95.316,CentroNorte
01/04/2016,Nayarit,110.7152,CentroNorte
01/07/2016,Nayarit,118.0538,CentroNorte
01/10/2016,Nayarit,113.2801,CentroNorte
01/01/2017,Nayarit,106.4665,CentroNorte
01/04/2017,Nayarit,121.9421,CentroNorte
01/07/2017,Nayarit,132.9309,CentroNorte
01/10/2017,Nayarit,134.6389,CentroNorte
01/01/2018,Nayarit,111.7381,CentroNorte
01/04/2018,Nayarit,144.3327,CentroNorte
01/07/2018,Nayarit,140.3713,CentroNorte
01/10/2018,Nayarit,151.0867,CentroNorte
01/01/2019,Nayarit,124.4215,CentroNorte
01/04/2019,Nayarit,150.5684,CentroNorte
01/07/2019,Nayarit,160.0953,CentroNorte
01/10/2019,Nayarit,149.2288,CentroNorte
01/01/2020,Nayarit,148.8044,CentroNorte
01/04/2020,Nayarit,162.1382,CentroNorte
01/07/2020,Nayarit,178.9731,CentroNorte
01/10/2020,Nayarit,182.8545,CentroNorte
01/01/2021,Nayarit,178.4192,CentroNorte
01/04/2021,Nayarit,220.6817,CentroNorte
01/01/2003,Nuevo León,32.2586,Norte
01/04/2003,Nuevo León,44.3049,Norte
01/07/2003,Nuevo León,56.301,Norte
01/10/2003,Nuevo León,56.3049,Norte
01/01/2004,Nuevo León,57.9099,Norte
01/04/2004,Nuevo León,80.1494,Norte
01/07/2004,Nuevo León,81.8962,Norte
01/10/2004,Nuevo León,75.8945,Norte
01/01/2005,Nuevo León,57.8435,Norte
01/04/2005,Nuevo León,74.9905,Norte
01/07/2005,Nuevo León,74.218,Norte
01/10/2005,Nuevo León,76.9313,Norte
01/01/2006,Nuevo León,78.4932,Norte
01/04/2006,Nuevo León,91.8939,Norte
01/07/2006,Nuevo León,88.9527,Norte
01/10/2006,Nuevo León,83.2128,Norte
01/01/2007,Nuevo León,74.1641,Norte
01/04/2007,Nuevo León,86.0045,Norte
01/07/2007,Nuevo León,85.7137,Norte
01/10/2007,Nuevo León,81.1827,Norte
01/01/2008,Nuevo León,74.9587,Norte
01/04/2008,Nuevo León,88.1786,Norte
01/07/2008,Nuevo León,81.287,Norte
01/10/2008,Nuevo León,79.3452,Norte
01/01/2009,Nuevo León,74.5152,Norte
01/04/2009,Nuevo León,76.5365,Norte
01/07/2009,Nuevo León,74.5311,Norte
01/10/2009,Nuevo León,67.4087,Norte
01/01/2010,Nuevo León,67.0188,Norte
01/04/2010,Nuevo León,75.0238,Norte
01/07/2010,Nuevo León,72.3992,Norte
01/10/2010,Nuevo León,69.5411,Norte
01/01/2011,Nuevo León,67.9952,Norte
01/04/2011,Nuevo León,81.4405,Norte
01/07/2011,Nuevo León,82.3149,Norte
01/10/2011,Nuevo León,77.1726,Norte
01/01/2012,Nuevo León,80.0014,Norte
01/04/2012,Nuevo León,92.7648,Norte
01/07/2012,Nuevo León,86.5519,Norte
01/10/2012,Nuevo León,80.7077,Norte
01/01/2013,Nuevo León,149.5409,Norte
01/04/2013,Nuevo León,156.023,Norte
01/07/2013,Nuevo León,148.1569,Norte
01/10/2013,Nuevo León,143.4316,Norte
01/01/2014,Nuevo León,139.8149,Norte
01/04/2014,Nuevo León,157.4373,Norte
01/07/2014,Nuevo León,158.1318,Norte
01/10/2014,Nuevo León,159.0881,Norte
01/01/2015,Nuevo León,148.3241,Norte
01/04/2015,Nuevo León,170.7373,Norte
01/07/2015,Nuevo León,169.3985,Norte
01/10/2015,Nuevo León,160.1616,Norte
01/01/2016,Nuevo León,158.1854,Norte
01/04/2016,Nuevo León,166.9308,Norte
01/07/2016,Nuevo León,158.8292,Norte
01/10/2016,Nuevo León,172.0127,Norte
01/01/2017,Nuevo León,202.8555,Norte
01/04/2017,Nuevo León,222.0804,Norte
01/07/2017,Nuevo León,220.7503,Norte
01/10/2017,Nuevo León,232.9164,Norte
01/01/2018,Nuevo León,213.5261,Norte
01/04/2018,Nuevo León,262.1962,Norte
01/07/2018,Nuevo León,238.471,Norte
01/10/2018,Nuevo León,239.8541,Norte
01/01/2019,Nuevo León,217.0341,Norte
01/04/2019,Nuevo León,255.8365,Norte
01/07/2019,Nuevo León,251.5108,Norte
01/10/2019,Nuevo León,235.8402,Norte
01/01/2020,Nuevo León,232.6416,Norte
01/04/2020,Nuevo León,247.2289,Norte
01/07/2020,Nuevo León,275.234,Norte
01/10/2020,Nuevo León,269.3184,Norte
01/01/2021,Nuevo León,262.3616,Norte
01/04/2021,Nuevo León,335.7915,Norte
01/01/2003,Oaxaca,160.9013,Sur
01/04/2003,Oaxaca,202.4293,Sur
01/07/2003,Oaxaca,216.9036,Sur
01/10/2003,Oaxaca,206.8831,Sur
01/01/2004,Oaxaca,185.4422,Sur
01/04/2004,Oaxaca,258.8522,Sur
01/07/2004,Oaxaca,269.0563,Sur
01/10/2004,Oaxaca,235.5084,Sur
01/01/2005,Oaxaca,215.4248,Sur
01/04/2005,Oaxaca,283.3189,Sur
01/07/2005,Oaxaca,296.3175,Sur
01/10/2005,Oaxaca,285.1875,Sur
01/01/2006,Oaxaca,287.9489,Sur
01/04/2006,Oaxaca,374.2358,Sur
01/07/2006,Oaxaca,363.359,Sur
01/10/2006,Oaxaca,334.6353,Sur
01/01/2007,Oaxaca,328.5859,Sur
01/04/2007,Oaxaca,395.6861,Sur
01/07/2007,Oaxaca,424.5006,Sur
01/10/2007,Oaxaca,368.6358,Sur
01/01/2008,Oaxaca,328.6822,Sur
01/04/2008,Oaxaca,402.0048,Sur
01/07/2008,Oaxaca,395.7189,Sur
01/10/2008,Oaxaca,395.842,Sur
01/01/2009,Oaxaca,324.5803,Sur
01/04/2009,Oaxaca,344.6705,Sur
01/07/2009,Oaxaca,339.9189,Sur
01/10/2009,Oaxaca,289.2979,Sur
01/01/2010,Oaxaca,281.1539,Sur
01/04/2010,Oaxaca,362.3867,Sur
01/07/2010,Oaxaca,350.2263,Sur
01/10/2010,Oaxaca,302.772,Sur
01/01/2011,Oaxaca,300.9076,Sur
01/04/2011,Oaxaca,378.2811,Sur
01/07/2011,Oaxaca,404.243,Sur
01/10/2011,Oaxaca,343.9532,Sur
01/01/2012,Oaxaca,319.0677,Sur
01/04/2012,Oaxaca,419.3346,Sur
01/07/2012,Oaxaca,327.5564,Sur
01/10/2012,Oaxaca,300.262,Sur
01/01/2013,Oaxaca,263.0254,Sur
01/04/2013,Oaxaca,319.2475,Sur
01/07/2013,Oaxaca,292.9603,Sur
01/10/2013,Oaxaca,275.6343,Sur
01/01/2014,Oaxaca,280.0083,Sur
01/04/2014,Oaxaca,307.7096,Sur
01/07/2014,Oaxaca,312.4469,Sur
01/10/2014,Oaxaca,314.629,Sur
01/01/2015,Oaxaca,307.5909,Sur
01/04/2015,Oaxaca,301.8868,Sur
01/07/2015,Oaxaca,344.0706,Sur
01/10/2015,Oaxaca,309.4014,Sur
01/01/2016,Oaxaca,324.6495,Sur
01/04/2016,Oaxaca,361.7344,Sur
01/07/2016,Oaxaca,361.745,Sur
01/10/2016,Oaxaca,372.0665,Sur
01/01/2017,Oaxaca,377.1089,Sur
01/04/2017,Oaxaca,385.5806,Sur
01/07/2017,Oaxaca,379.6599,Sur
01/10/2017,Oaxaca,391.8477,Sur
01/01/2018,Oaxaca,367.9059,Sur
01/04/2018,Oaxaca,475.9114,Sur
01/07/2018,Oaxaca,427.5236,Sur
01/10/2018,Oaxaca,465.5024,Sur
01/01/2019,Oaxaca,399.7735,Sur
01/04/2019,Oaxaca,472.6973,Sur
01/07/2019,Oaxaca,502.1831,Sur
01/10/2019,Oaxaca,448.748,Sur
01/01/2020,Oaxaca,484.2797,Sur
01/04/2020,Oaxaca,419.5818,Sur
01/07/2020,Oaxaca,502.4512,Sur
01/10/2020,Oaxaca,491.2529,Sur
01/01/2021,Oaxaca,496.0508,Sur
01/04/2021,Oaxaca,600.155,Sur
01/01/2003,Puebla,182.1825,CentroSur
01/04/2003,Puebla,219.0562,CentroSur
01/07/2003,Puebla,229.5919,CentroSur
01/10/2003,Puebla,223.0519,CentroSur
01/01/2004,Puebla,201.2476,CentroSur
01/04/2004,Puebla,272.226,CentroSur
01/07/2004,Puebla,276.8143,CentroSur
01/10/2004,Puebla,258.7673,CentroSur
01/01/2005,Puebla,235.7881,CentroSur
01/04/2005,Puebla,308.9204,CentroSur
01/07/2005,Puebla,320.9896,CentroSur
01/10/2005,Puebla,316.3653,CentroSur
01/01/2006,Puebla,314.3171,CentroSur
01/04/2006,Puebla,397.6006,CentroSur
01/07/2006,Puebla,394.7749,CentroSur
01/10/2006,Puebla,375.8809,CentroSur
01/01/2007,Puebla,358.7589,CentroSur
01/04/2007,Puebla,422.1417,CentroSur
01/07/2007,Puebla,433.1124,CentroSur
01/10/2007,Puebla,403.5465,CentroSur
01/01/2008,Puebla,363.2023,CentroSur
01/04/2008,Puebla,435.7338,CentroSur
01/07/2008,Puebla,419.2047,CentroSur
01/10/2008,Puebla,397.5314,CentroSur
01/01/2009,Puebla,338.9855,CentroSur
01/04/2009,Puebla,361.2579,CentroSur
01/07/2009,Puebla,355.8649,CentroSur
01/10/2009,Puebla,318.7751,CentroSur
01/01/2010,Puebla,302.6101,CentroSur
01/04/2010,Puebla,374.2941,CentroSur
01/07/2010,Puebla,362.2044,CentroSur
01/10/2010,Puebla,332.1136,CentroSur
01/01/2011,Puebla,331.7859,CentroSur
01/04/2011,Puebla,394.7723,CentroSur
01/07/2011,Puebla,395.5674,CentroSur
01/10/2011,Puebla,347.5139,CentroSur
01/01/2012,Puebla,334.4652,CentroSur
01/04/2012,Puebla,400.2807,CentroSur
01/07/2012,Puebla,336.14,CentroSur
01/10/2012,Puebla,332.3597,CentroSur
01/01/2013,Puebla,305.1962,CentroSur
01/04/2013,Puebla,367.3534,CentroSur
01/07/2013,Puebla,338.8133,CentroSur
01/10/2013,Puebla,323.1965,CentroSur
01/01/2014,Puebla,308.8254,CentroSur
01/04/2014,Puebla,346.1508,CentroSur
01/07/2014,Puebla,343.194,CentroSur
01/10/2014,Puebla,340.4795,CentroSur
01/01/2015,Puebla,319.8477,CentroSur
01/04/2015,Puebla,319.0819,CentroSur
01/07/2015,Puebla,357.3936,CentroSur
01/10/2015,Puebla,339.2558,CentroSur
01/01/2016,Puebla,340.1755,CentroSur
01/04/2016,Puebla,376.9058,CentroSur
01/07/2016,Puebla,368.5921,CentroSur
01/10/2016,Puebla,373.8324,CentroSur
01/01/2017,Puebla,382.4452,CentroSur
01/04/2017,Puebla,409.4369,CentroSur
01/07/2017,Puebla,406.0648,CentroSur
01/10/2017,Puebla,416.0638,CentroSur
01/01/2018,Puebla,380.7379,CentroSur
01/04/2018,Puebla,457.3606,CentroSur
01/07/2018,Puebla,429.6951,CentroSur
01/10/2018,Puebla,437.721,CentroSur
01/01/2019,Puebla,398.4526,CentroSur
01/04/2019,Puebla,463.8782,CentroSur
01/07/2019,Puebla,474.8643,CentroSur
01/10/2019,Puebla,444.9144,CentroSur
01/01/2020,Puebla,440.9793,CentroSur
01/04/2020,Puebla,405.3347,CentroSur
01/07/2020,Puebla,538.5203,CentroSur
01/10/2020,Puebla,488.0359,CentroSur
01/01/2021,Puebla,438.0807,CentroSur
01/04/2021,Puebla,526.5594,CentroSur
01/01/2003,Querétaro,56.5911,CentroSur
01/04/2003,Querétaro,75.4763,CentroSur
01/07/2003,Querétaro,76.6404,CentroSur
01/10/2003,Querétaro,74.6298,CentroSur
01/01/2004,Querétaro,68.1611,CentroSur
01/04/2004,Querétaro,98.4106,CentroSur
01/07/2004,Querétaro,100.8156,CentroSur
01/10/2004,Querétaro,86.0139,CentroSur
01/01/2005,Querétaro,81.1224,CentroSur
01/04/2005,Querétaro,112.1488,CentroSur
01/07/2005,Querétaro,112.1666,CentroSur
01/10/2005,Querétaro,100.4782,CentroSur
01/01/2006,Querétaro,103.2714,CentroSur
01/04/2006,Querétaro,138.0286,CentroSur
01/07/2006,Querétaro,130.3143,CentroSur
01/10/2006,Querétaro,112.4657,CentroSur
01/01/2007,Querétaro,106.5224,CentroSur
01/04/2007,Querétaro,129.5139,CentroSur
01/07/2007,Querétaro,129.8958,CentroSur
01/10/2007,Querétaro,109.1781,CentroSur
01/01/2008,Querétaro,97.7336,CentroSur
01/04/2008,Querétaro,120.8091,CentroSur
01/07/2008,Querétaro,110.887,CentroSur
01/10/2008,Querétaro,106.9727,CentroSur
01/01/2009,Querétaro,93.8103,CentroSur
01/04/2009,Querétaro,97.5433,CentroSur
01/07/2009,Querétaro,92.4984,CentroSur
01/10/2009,Querétaro,76.3028,CentroSur
01/01/2010,Querétaro,74.9706,CentroSur
01/04/2010,Querétaro,101.731,CentroSur
01/07/2010,Querétaro,96.0891,CentroSur
01/10/2010,Querétaro,81.7424,CentroSur
01/01/2011,Querétaro,79.2148,CentroSur
01/04/2011,Querétaro,105.4633,CentroSur
01/07/2011,Querétaro,107.0604,CentroSur
01/10/2011,Querétaro,91.5576,CentroSur
01/01/2012,Querétaro,84.3484,CentroSur
01/04/2012,Querétaro,115.3672,CentroSur
01/07/2012,Querétaro,93.042,CentroSur
01/10/2012,Querétaro,85.8183,CentroSur
01/01/2013,Querétaro,75.6618,CentroSur
01/04/2013,Querétaro,101.0743,CentroSur
01/07/2013,Querétaro,92.8156,CentroSur
01/10/2013,Querétaro,141.9895,CentroSur
01/01/2014,Querétaro,82.9478,CentroSur
01/04/2014,Querétaro,101.8035,CentroSur
01/07/2014,Querétaro,106.0313,CentroSur
01/10/2014,Querétaro,107.4215,CentroSur
01/01/2015,Querétaro,99.9097,CentroSur
01/04/2015,Querétaro,117.455,CentroSur
01/07/2015,Querétaro,128.203,CentroSur
01/10/2015,Querétaro,114.2923,CentroSur
01/01/2016,Querétaro,111.1331,CentroSur
01/04/2016,Querétaro,138.4207,CentroSur
01/07/2016,Querétaro,139.3053,CentroSur
01/10/2016,Querétaro,136.2641,CentroSur
01/01/2017,Querétaro,132.1164,CentroSur
01/04/2017,Querétaro,152.0748,CentroSur
01/07/2017,Querétaro,154.8164,CentroSur
01/10/2017,Querétaro,156.6377,CentroSur
01/01/2018,Querétaro,133.6189,CentroSur
01/04/2018,Querétaro,181.8336,CentroSur
01/07/2018,Querétaro,173.5089,CentroSur
01/10/2018,Querétaro,173.5435,CentroSur
01/01/2019,Querétaro,147.5906,CentroSur
01/04/2019,Querétaro,186.3632,CentroSur
01/07/2019,Querétaro,197.6424,CentroSur
01/10/2019,Querétaro,179.018,CentroSur
01/01/2020,Querétaro,178.1108,CentroSur
01/04/2020,Querétaro,195.5251,CentroSur
01/07/2020,Querétaro,217.6314,CentroSur
01/10/2020,Querétaro,210.9081,CentroSur
01/01/2021,Querétaro,193.6004,CentroSur
01/04/2021,Querétaro,254.5462,CentroSur
01/01/2003,Quintana Roo,9.7764,Sur
01/04/2003,Quintana Roo,11.6203,Sur
01/07/2003,Quintana Roo,17.5592,Sur
01/10/2003,Quintana Roo,13.89,Sur
01/01/2004,Quintana Roo,13.5589,Sur
01/04/2004,Quintana Roo,18.2238,Sur
01/07/2004,Quintana Roo,18.1938,Sur
01/10/2004,Quintana Roo,17.4817,Sur
01/01/2005,Quintana Roo,19.1143,Sur
01/04/2005,Quintana Roo,22.887,Sur
01/07/2005,Quintana Roo,21.3068,Sur
01/10/2005,Quintana Roo,21.6656,Sur
01/01/2006,Quintana Roo,21.4882,Sur
01/04/2006,Quintana Roo,25.0248,Sur
01/07/2006,Quintana Roo,26.1767,Sur
01/10/2006,Quintana Roo,26.847,Sur
01/01/2007,Quintana Roo,22.1876,Sur
01/04/2007,Quintana Roo,25.2908,Sur
01/07/2007,Quintana Roo,26.5194,Sur
01/10/2007,Quintana Roo,24.5233,Sur
01/01/2008,Quintana Roo,22.4537,Sur
01/04/2008,Quintana Roo,26.1201,Sur
01/07/2008,Quintana Roo,25.5552,Sur
01/10/2008,Quintana Roo,23.2176,Sur
01/01/2009,Quintana Roo,20.7798,Sur
01/04/2009,Quintana Roo,21.9447,Sur
01/07/2009,Quintana Roo,22.0941,Sur
01/10/2009,Quintana Roo,20.7532,Sur
01/01/2010,Quintana Roo,19.095,Sur
01/04/2010,Quintana Roo,23.1579,Sur
01/07/2010,Quintana Roo,22.7931,Sur
01/10/2010,Quintana Roo,21.758,Sur
01/01/2011,Quintana Roo,20.6533,Sur
01/04/2011,Quintana Roo,24.1985,Sur
01/07/2011,Quintana Roo,24.9682,Sur
01/10/2011,Quintana Roo,22.2556,Sur
01/01/2012,Quintana Roo,22.8892,Sur
01/04/2012,Quintana Roo,25.842,Sur
01/07/2012,Quintana Roo,22.0118,Sur
01/10/2012,Quintana Roo,22.5786,Sur
01/01/2013,Quintana Roo,23.3749,Sur
01/04/2013,Quintana Roo,27.3496,Sur
01/07/2013,Quintana Roo,25.9793,Sur
01/10/2013,Quintana Roo,24.1332,Sur
01/01/2014,Quintana Roo,23.7168,Sur
01/04/2014,Quintana Roo,26.2757,Sur
01/07/2014,Quintana Roo,27.7011,Sur
01/10/2014,Quintana Roo,27.3493,Sur
01/01/2015,Quintana Roo,27.1844,Sur
01/04/2015,Quintana Roo,32.5642,Sur
01/07/2015,Quintana Roo,31.1686,Sur
01/10/2015,Quintana Roo,29.9752,Sur
01/01/2016,Quintana Roo,29.3125,Sur
01/04/2016,Quintana Roo,32.1952,Sur
01/07/2016,Quintana Roo,33.6335,Sur
01/10/2016,Quintana Roo,34.5874,Sur
01/01/2017,Quintana Roo,33.2854,Sur
01/04/2017,Quintana Roo,35.7632,Sur
01/07/2017,Quintana Roo,37.8159,Sur
01/10/2017,Quintana Roo,39.1307,Sur
01/01/2018,Quintana Roo,37.0934,Sur
01/04/2018,Quintana Roo,41.7588,Sur
01/07/2018,Quintana Roo,42.5284,Sur
01/10/2018,Quintana Roo,45.1048,Sur
01/01/2019,Quintana Roo,41.8466,Sur
01/04/2019,Quintana Roo,49.2708,Sur
01/07/2019,Quintana Roo,49.2154,Sur
01/10/2019,Quintana Roo,46.4372,Sur
01/01/2020,Quintana Roo,44.4784,Sur
01/04/2020,Quintana Roo,43.0546,Sur
01/07/2020,Quintana Roo,88.1762,Sur
01/10/2020,Quintana Roo,63.7927,Sur
01/01/2021,Quintana Roo,65.2821,Sur
01/04/2021,Quintana Roo,79.6833,Sur
01/01/2003,San Luis Potosí,79.0674,CentroNorte
01/04/2003,San Luis Potosí,103.3746,CentroNorte
01/07/2003,San Luis Potosí,118.1059,CentroNorte
01/10/2003,San Luis Potosí,102.9541,CentroNorte
01/01/2004,San Luis Potosí,94.8223,CentroNorte
01/04/2004,San Luis Potosí,127.6238,CentroNorte
01/07/2004,San Luis Potosí,132.4156,CentroNorte
01/10/2004,San Luis Potosí,114.3481,CentroNorte
01/01/2005,San Luis Potosí,114.1842,CentroNorte
01/04/2005,San Luis Potosí,150.1898,CentroNorte
01/07/2005,San Luis Potosí,151.3164,CentroNorte
01/10/2005,San Luis Potosí,146.6186,CentroNorte
01/01/2006,San Luis Potosí,151.894,CentroNorte
01/04/2006,San Luis Potosí,195.0381,CentroNorte
01/07/2006,San Luis Potosí,193.1353,CentroNorte
01/10/2006,San Luis Potosí,174.422,CentroNorte
01/01/2007,San Luis Potosí,167.3357,CentroNorte
01/04/2007,San Luis Potosí,208.3689,CentroNorte
01/07/2007,San Luis Potosí,211.9484,CentroNorte
01/10/2007,San Luis Potosí,190.7236,CentroNorte
01/01/2008,San Luis Potosí,167.8998,CentroNorte
01/04/2008,San Luis Potosí,211.3338,CentroNorte
01/07/2008,San Luis Potosí,194.5877,CentroNorte
01/10/2008,San Luis Potosí,186.9304,CentroNorte
01/01/2009,San Luis Potosí,160.0857,CentroNorte
01/04/2009,San Luis Potosí,168.0552,CentroNorte
01/07/2009,San Luis Potosí,161.7542,CentroNorte
01/10/2009,San Luis Potosí,136.8649,CentroNorte
01/01/2010,San Luis Potosí,136.9676,CentroNorte
01/04/2010,San Luis Potosí,171.6194,CentroNorte
01/07/2010,San Luis Potosí,166.8738,CentroNorte
01/10/2010,San Luis Potosí,154.0093,CentroNorte
01/01/2011,San Luis Potosí,144.9982,CentroNorte
01/04/2011,San Luis Potosí,190.2209,CentroNorte
01/07/2011,San Luis Potosí,191.3702,CentroNorte
01/10/2011,San Luis Potosí,174.207,CentroNorte
01/01/2012,San Luis Potosí,164.0889,CentroNorte
01/04/2012,San Luis Potosí,209.5444,CentroNorte
01/07/2012,San Luis Potosí,186.7913,CentroNorte
01/10/2012,San Luis Potosí,178.271,CentroNorte
01/01/2013,San Luis Potosí,155.2298,CentroNorte
01/04/2013,San Luis Potosí,194.9855,CentroNorte
01/07/2013,San Luis Potosí,185.0802,CentroNorte
01/10/2013,San Luis Potosí,171.7436,CentroNorte
01/01/2014,San Luis Potosí,163.1337,CentroNorte
01/04/2014,San Luis Potosí,199.1592,CentroNorte
01/07/2014,San Luis Potosí,203.4218,CentroNorte
01/10/2014,San Luis Potosí,204.1698,CentroNorte
01/01/2015,San Luis Potosí,179.7582,CentroNorte
01/04/2015,San Luis Potosí,214.8015,CentroNorte
01/07/2015,San Luis Potosí,236.4619,CentroNorte
01/10/2015,San Luis Potosí,216.4019,CentroNorte
01/01/2016,San Luis Potosí,206.5435,CentroNorte
01/04/2016,San Luis Potosí,247.0238,CentroNorte
01/07/2016,San Luis Potosí,255.2066,CentroNorte
01/10/2016,San Luis Potosí,252.0547,CentroNorte
01/01/2017,San Luis Potosí,242.8826,CentroNorte
01/04/2017,San Luis Potosí,287.6311,CentroNorte
01/07/2017,San Luis Potosí,293.4949,CentroNorte
01/10/2017,San Luis Potosí,301.7785,CentroNorte
01/01/2018,San Luis Potosí,255.2681,CentroNorte
01/04/2018,San Luis Potosí,337.1455,CentroNorte
01/07/2018,San Luis Potosí,324.5717,CentroNorte
01/10/2018,San Luis Potosí,323.0747,CentroNorte
01/01/2019,San Luis Potosí,282.1676,CentroNorte
01/04/2019,San Luis Potosí,351.9687,CentroNorte
01/07/2019,San Luis Potosí,368.8767,CentroNorte
01/10/2019,San Luis Potosí,342.4491,CentroNorte
01/01/2020,San Luis Potosí,326.207,CentroNorte
01/04/2020,San Luis Potosí,367.9987,CentroNorte
01/07/2020,San Luis Potosí,360.913,CentroNorte
01/10/2020,San Luis Potosí,370.0801,CentroNorte
01/01/2021,San Luis Potosí,338.6754,CentroNorte
01/04/2021,San Luis Potosí,442.4094,CentroNorte
01/01/2003,Sinaloa,69.2493,Norte
01/04/2003,Sinaloa,83.2809,Norte
01/07/2003,Sinaloa,85.0878,Norte
01/10/2003,Sinaloa,82.8952,Norte
01/01/2004,Sinaloa,80.152,Norte
01/04/2004,Sinaloa,100.6677,Norte
01/07/2004,Sinaloa,100.3545,Norte
01/10/2004,Sinaloa,92.8462,Norte
01/01/2005,Sinaloa,95.5535,Norte
01/04/2005,Sinaloa,119.0398,Norte
01/07/2005,Sinaloa,119.091,Norte
01/10/2005,Sinaloa,117.4473,Norte
01/01/2006,Sinaloa,115.7903,Norte
01/04/2006,Sinaloa,135.6063,Norte
01/07/2006,Sinaloa,129.1623,Norte
01/10/2006,Sinaloa,122.6601,Norte
01/01/2007,Sinaloa,123.1669,Norte
01/04/2007,Sinaloa,138.9435,Norte
01/07/2007,Sinaloa,134.2501,Norte
01/10/2007,Sinaloa,126.632,Norte
01/01/2008,Sinaloa,119.3994,Norte
01/04/2008,Sinaloa,133.0379,Norte
01/07/2008,Sinaloa,117.1215,Norte
01/10/2008,Sinaloa,118.1299,Norte
01/01/2009,Sinaloa,117.395,Norte
01/04/2009,Sinaloa,118.7825,Norte
01/07/2009,Sinaloa,113.144,Norte
01/10/2009,Sinaloa,107.424,Norte
01/01/2010,Sinaloa,110.9438,Norte
01/04/2010,Sinaloa,125.6836,Norte
01/07/2010,Sinaloa,117.0117,Norte
01/10/2010,Sinaloa,116.5805,Norte
01/01/2011,Sinaloa,118.1399,Norte
01/04/2011,Sinaloa,134.1303,Norte
01/07/2011,Sinaloa,133.8296,Norte
01/10/2011,Sinaloa,125.7215,Norte
01/01/2012,Sinaloa,124.5172,Norte
01/04/2012,Sinaloa,140.3322,Norte
01/07/2012,Sinaloa,121.0203,Norte
01/10/2012,Sinaloa,115.3557,Norte
01/01/2013,Sinaloa,118.4076,Norte
01/04/2013,Sinaloa,136.9659,Norte
01/07/2013,Sinaloa,126.6914,Norte
01/10/2013,Sinaloa,120.9119,Norte
01/01/2014,Sinaloa,126.5127,Norte
01/04/2014,Sinaloa,133.8585,Norte
01/07/2014,Sinaloa,123.337,Norte
01/10/2014,Sinaloa,133.3145,Norte
01/01/2015,Sinaloa,129.915,Norte
01/04/2015,Sinaloa,135.4496,Norte
01/07/2015,Sinaloa,134.4361,Norte
01/10/2015,Sinaloa,129.1246,Norte
01/01/2016,Sinaloa,137.184,Norte
01/04/2016,Sinaloa,147.025,Norte
01/07/2016,Sinaloa,165.7727,Norte
01/10/2016,Sinaloa,172.6891,Norte
01/01/2017,Sinaloa,169.7589,Norte
01/04/2017,Sinaloa,183.5853,Norte
01/07/2017,Sinaloa,176.4084,Norte
01/10/2017,Sinaloa,190.259,Norte
01/01/2018,Sinaloa,175.1716,Norte
01/04/2018,Sinaloa,210.9427,Norte
01/07/2018,Sinaloa,197.1036,Norte
01/10/2018,Sinaloa,223.8809,Norte
01/01/2019,Sinaloa,202.7191,Norte
01/04/2019,Sinaloa,236.3875,Norte
01/07/2019,Sinaloa,240.2133,Norte
01/10/2019,Sinaloa,243.6762,Norte
01/01/2020,Sinaloa,238.8584,Norte
01/04/2020,Sinaloa,276.2079,Norte
01/07/2020,Sinaloa,260.3312,Norte
01/10/2020,Sinaloa,263.995,Norte
01/01/2021,Sinaloa,267.1406,Norte
01/04/2021,Sinaloa,302.035,Norte
01/01/2003,Sonora,27.583,Norte
01/04/2003,Sonora,31.9094,Norte
01/07/2003,Sonora,35.8036,Norte
01/10/2003,Sonora,33.0345,Norte
01/01/2004,Sonora,35.7754,Norte
01/04/2004,Sonora,45.7665,Norte
01/07/2004,Sonora,46.1227,Norte
01/10/2004,Sonora,42.7561,Norte
01/01/2005,Sonora,62.7161,Norte
01/04/2005,Sonora,81.6243,Norte
01/07/2005,Sonora,76.4806,Norte
01/10/2005,Sonora,73.9052,Norte
01/01/2006,Sonora,86.2704,Norte
01/04/2006,Sonora,92.2918,Norte
01/07/2006,Sonora,77.3179,Norte
01/10/2006,Sonora,70.0857,Norte
01/01/2007,Sonora,77.4321,Norte
01/04/2007,Sonora,91.6572,Norte
01/07/2007,Sonora,87.0194,Norte
01/10/2007,Sonora,76.2324,Norte
01/01/2008,Sonora,77.8833,Norte
01/04/2008,Sonora,89.8568,Norte
01/07/2008,Sonora,76.4314,Norte
01/10/2008,Sonora,66.784,Norte
01/01/2009,Sonora,69.8534,Norte
01/04/2009,Sonora,75.9683,Norte
01/07/2009,Sonora,71.6559,Norte
01/10/2009,Sonora,61.2254,Norte
01/01/2010,Sonora,67.8625,Norte
01/04/2010,Sonora,76.2862,Norte
01/07/2010,Sonora,72.2103,Norte
01/10/2010,Sonora,75.6607,Norte
01/01/2011,Sonora,82.3034,Norte
01/04/2011,Sonora,86.5791,Norte
01/07/2011,Sonora,81.6954,Norte
01/10/2011,Sonora,76.3377,Norte
01/01/2012,Sonora,82.7191,Norte
01/04/2012,Sonora,91.6153,Norte
01/07/2012,Sonora,77.3882,Norte
01/10/2012,Sonora,75.0361,Norte
01/01/2013,Sonora,80.2588,Norte
01/04/2013,Sonora,94.0096,Norte
01/07/2013,Sonora,84.2469,Norte
01/10/2013,Sonora,82.6413,Norte
01/01/2014,Sonora,79.6202,Norte
01/04/2014,Sonora,89.1743,Norte
01/07/2014,Sonora,83.348,Norte
01/10/2014,Sonora,84.9692,Norte
01/01/2015,Sonora,85.1597,Norte
01/04/2015,Sonora,123.7923,Norte
01/07/2015,Sonora,95.3014,Norte
01/10/2015,Sonora,94.7861,Norte
01/01/2016,Sonora,99.5117,Norte
01/04/2016,Sonora,113.0398,Norte
01/07/2016,Sonora,101.7854,Norte
01/10/2016,Sonora,98.8292,Norte
01/01/2017,Sonora,99.9937,Norte
01/04/2017,Sonora,111.1176,Norte
01/07/2017,Sonora,115.304,Norte
01/10/2017,Sonora,121.6983,Norte
01/01/2018,Sonora,112.0583,Norte
01/04/2018,Sonora,141.0912,Norte
01/07/2018,Sonora,134.2599,Norte
01/10/2018,Sonora,142.8893,Norte
01/01/2019,Sonora,132.3228,Norte
01/04/2019,Sonora,156.4886,Norte
01/07/2019,Sonora,155.8952,Norte
01/10/2019,Sonora,148.2481,Norte
01/01/2020,Sonora,154.8999,Norte
01/04/2020,Sonora,183.7527,Norte
01/07/2020,Sonora,189.5668,Norte
01/10/2020,Sonora,179.7736,Norte
01/01/2021,Sonora,185.2031,Norte
01/04/2021,Sonora,226.1289,Norte
01/01/2003,Tabasco,17.3948,Sur
01/04/2003,Tabasco,21.6538,Sur
01/07/2003,Tabasco,23.3703,Sur
01/10/2003,Tabasco,23.4745,Sur
01/01/2004,Tabasco,20.2184,Sur
01/04/2004,Tabasco,27.8028,Sur
01/07/2004,Tabasco,29.571,Sur
01/10/2004,Tabasco,27.6926,Sur
01/01/2005,Tabasco,30.4254,Sur
01/04/2005,Tabasco,41.0172,Sur
01/07/2005,Tabasco,42.4056,Sur
01/10/2005,Tabasco,42.6102,Sur
01/01/2006,Tabasco,42.2574,Sur
01/04/2006,Tabasco,51.5967,Sur
01/07/2006,Tabasco,49.0842,Sur
01/10/2006,Tabasco,44.9006,Sur
01/01/2007,Tabasco,41.3904,Sur
01/04/2007,Tabasco,48.5989,Sur
01/07/2007,Tabasco,49.6426,Sur
01/10/2007,Tabasco,43.1923,Sur
01/01/2008,Tabasco,37.1659,Sur
01/04/2008,Tabasco,44.3609,Sur
01/07/2008,Tabasco,39.6832,Sur
01/10/2008,Tabasco,34.8073,Sur
01/01/2009,Tabasco,30.4462,Sur
01/04/2009,Tabasco,30.8374,Sur
01/07/2009,Tabasco,28.6507,Sur
01/10/2009,Tabasco,24.4774,Sur
01/01/2010,Tabasco,25.7252,Sur
01/04/2010,Tabasco,31.085,Sur
01/07/2010,Tabasco,29.075,Sur
01/10/2010,Tabasco,25.4575,Sur
01/01/2011,Tabasco,25.4771,Sur
01/04/2011,Tabasco,30.7569,Sur
01/07/2011,Tabasco,29.7844,Sur
01/10/2011,Tabasco,25.7101,Sur
01/01/2012,Tabasco,27.0595,Sur
01/04/2012,Tabasco,32.2949,Sur
01/07/2012,Tabasco,27.1435,Sur
01/10/2012,Tabasco,24.7656,Sur
01/01/2013,Tabasco,25.6197,Sur
01/04/2013,Tabasco,34.0058,Sur
01/07/2013,Tabasco,30.0632,Sur
01/10/2013,Tabasco,27.486,Sur
01/01/2014,Tabasco,30.2263,Sur
01/04/2014,Tabasco,37.9016,Sur
01/07/2014,Tabasco,31.5805,Sur
01/10/2014,Tabasco,31.2547,Sur
01/01/2015,Tabasco,28.4479,Sur
01/04/2015,Tabasco,84.8113,Sur
01/07/2015,Tabasco,34.1979,Sur
01/10/2015,Tabasco,33.6508,Sur
01/01/2016,Tabasco,32.3373,Sur
01/04/2016,Tabasco,40.1485,Sur
01/07/2016,Tabasco,39.8209,Sur
01/10/2016,Tabasco,41.868,Sur
01/01/2017,Tabasco,37.4872,Sur
01/04/2017,Tabasco,39.7234,Sur
01/07/2017,Tabasco,43.3051,Sur
01/10/2017,Tabasco,44.2654,Sur
01/01/2018,Tabasco,42.3217,Sur
01/04/2018,Tabasco,54.1946,Sur
01/07/2018,Tabasco,54.0017,Sur
01/10/2018,Tabasco,57.6945,Sur
01/01/2019,Tabasco,59.6536,Sur
01/04/2019,Tabasco,79.8031,Sur
01/07/2019,Tabasco,62.6929,Sur
01/10/2019,Tabasco,49.5461,Sur
01/01/2020,Tabasco,59.0307,Sur
01/04/2020,Tabasco,56.2194,Sur
01/07/2020,Tabasco,86.5798,Sur
01/10/2020,Tabasco,77.6601,Sur
01/01/2021,Tabasco,86.5801,Sur
01/04/2021,Tabasco,108.5302,Sur
01/01/2003,Tamaulipas,49.4152,Norte
01/04/2003,Tamaulipas,59.2699,Norte
01/07/2003,Tamaulipas,65.1417,Norte
01/10/2003,Tamaulipas,60.636,Norte
01/01/2004,Tamaulipas,57.9866,Norte
01/04/2004,Tamaulipas,77.5918,Norte
01/07/2004,Tamaulipas,78.5468,Norte
01/10/2004,Tamaulipas,69.978,Norte
01/01/2005,Tamaulipas,85.8051,Norte
01/04/2005,Tamaulipas,115.4852,Norte
01/07/2005,Tamaulipas,113.909,Norte
01/10/2005,Tamaulipas,110.1342,Norte
01/01/2006,Tamaulipas,116.3313,Norte
01/04/2006,Tamaulipas,135.3509,Norte
01/07/2006,Tamaulipas,127.3751,Norte
01/10/2006,Tamaulipas,117.6697,Norte
01/01/2007,Tamaulipas,113.4882,Norte
01/04/2007,Tamaulipas,141.027,Norte
01/07/2007,Tamaulipas,138.9266,Norte
01/10/2007,Tamaulipas,123.2447,Norte
01/01/2008,Tamaulipas,117.667,Norte
01/04/2008,Tamaulipas,137.6185,Norte
01/07/2008,Tamaulipas,128.3367,Norte
01/10/2008,Tamaulipas,116.8892,Norte
01/01/2009,Tamaulipas,104.4858,Norte
01/04/2009,Tamaulipas,109.2808,Norte
01/07/2009,Tamaulipas,108.3877,Norte
01/10/2009,Tamaulipas,92.8093,Norte
01/01/2010,Tamaulipas,87.9904,Norte
01/04/2010,Tamaulipas,112.806,Norte
01/07/2010,Tamaulipas,104.6083,Norte
01/10/2010,Tamaulipas,96.8922,Norte
01/01/2011,Tamaulipas,95.1302,Norte
01/04/2011,Tamaulipas,119.6336,Norte
01/07/2011,Tamaulipas,120.5552,Norte
01/10/2011,Tamaulipas,109.9808,Norte
01/01/2012,Tamaulipas,112.232,Norte
01/04/2012,Tamaulipas,139.1467,Norte
01/07/2012,Tamaulipas,121.9626,Norte
01/10/2012,Tamaulipas,112.1456,Norte
01/01/2013,Tamaulipas,146.1904,Norte
01/04/2013,Tamaulipas,195.388,Norte
01/07/2013,Tamaulipas,190.3911,Norte
01/10/2013,Tamaulipas,177.3135,Norte
01/01/2014,Tamaulipas,200.7822,Norte
01/04/2014,Tamaulipas,261.355,Norte
01/07/2014,Tamaulipas,190.8365,Norte
01/10/2014,Tamaulipas,180.1877,Norte
01/01/2015,Tamaulipas,142.7201,Norte
01/04/2015,Tamaulipas,185.8193,Norte
01/07/2015,Tamaulipas,180.1627,Norte
01/10/2015,Tamaulipas,167.9256,Norte
01/01/2016,Tamaulipas,147.7233,Norte
01/04/2016,Tamaulipas,172.9974,Norte
01/07/2016,Tamaulipas,168.0992,Norte
01/10/2016,Tamaulipas,164.7461,Norte
01/01/2017,Tamaulipas,155.1009,Norte
01/04/2017,Tamaulipas,179.3017,Norte
01/07/2017,Tamaulipas,194.6466,Norte
01/10/2017,Tamaulipas,199.4262,Norte
01/01/2018,Tamaulipas,171.2805,Norte
01/04/2018,Tamaulipas,215.7391,Norte
01/07/2018,Tamaulipas,212.9237,Norte
01/10/2018,Tamaulipas,203.9923,Norte
01/01/2019,Tamaulipas,185.8173,Norte
01/04/2019,Tamaulipas,233.2332,Norte
01/07/2019,Tamaulipas,237.0264,Norte
01/10/2019,Tamaulipas,216.9594,Norte
01/01/2020,Tamaulipas,205.6261,Norte
01/04/2020,Tamaulipas,238.4113,Norte
01/07/2020,Tamaulipas,260.6096,Norte
01/10/2020,Tamaulipas,239.9046,Norte
01/01/2021,Tamaulipas,235.3452,Norte
01/04/2021,Tamaulipas,295.0993,Norte
01/01/2003,Tlaxcala,28.7751,CentroSur
01/04/2003,Tlaxcala,37.302,CentroSur
01/07/2003,Tlaxcala,41.8739,CentroSur
01/10/2003,Tlaxcala,41.2394,CentroSur
01/01/2004,Tlaxcala,35.4409,CentroSur
01/04/2004,Tlaxcala,47.0415,CentroSur
01/07/2004,Tlaxcala,56.3409,CentroSur
01/10/2004,Tlaxcala,46.2692,CentroSur
01/01/2005,Tlaxcala,41.3286,CentroSur
01/04/2005,Tlaxcala,57.3201,CentroSur
01/07/2005,Tlaxcala,63.8884,CentroSur
01/10/2005,Tlaxcala,58.5633,CentroSur
01/01/2006,Tlaxcala,54.08,CentroSur
01/04/2006,Tlaxcala,72.3303,CentroSur
01/07/2006,Tlaxcala,76.5805,CentroSur
01/10/2006,Tlaxcala,67.6929,CentroSur
01/01/2007,Tlaxcala,61.3728,CentroSur
01/04/2007,Tlaxcala,78.5077,CentroSur
01/07/2007,Tlaxcala,87.2706,CentroSur
01/10/2007,Tlaxcala,76.1505,CentroSur
01/01/2008,Tlaxcala,64.1296,CentroSur
01/04/2008,Tlaxcala,80.5376,CentroSur
01/07/2008,Tlaxcala,84.2466,CentroSur
01/10/2008,Tlaxcala,76.2925,CentroSur
01/01/2009,Tlaxcala,60.8023,CentroSur
01/04/2009,Tlaxcala,67.1839,CentroSur
01/07/2009,Tlaxcala,71.9896,CentroSur
01/10/2009,Tlaxcala,58.884,CentroSur
01/01/2010,Tlaxcala,52.0879,CentroSur
01/04/2010,Tlaxcala,69.9081,CentroSur
01/07/2010,Tlaxcala,73.9488,CentroSur
01/10/2010,Tlaxcala,62.5753,CentroSur
01/01/2011,Tlaxcala,57.3454,CentroSur
01/04/2011,Tlaxcala,72.922,CentroSur
01/07/2011,Tlaxcala,80.313,CentroSur
01/10/2011,Tlaxcala,63.9656,CentroSur
01/01/2012,Tlaxcala,58.2083,CentroSur
01/04/2012,Tlaxcala,72.8836,CentroSur
01/07/2012,Tlaxcala,64.9322,CentroSur
01/10/2012,Tlaxcala,57.2127,CentroSur
01/01/2013,Tlaxcala,46.2452,CentroSur
01/04/2013,Tlaxcala,58.6031,CentroSur
01/07/2013,Tlaxcala,59.6653,CentroSur
01/10/2013,Tlaxcala,52.5558,CentroSur
01/01/2014,Tlaxcala,45.9429,CentroSur
01/04/2014,Tlaxcala,56.0366,CentroSur
01/07/2014,Tlaxcala,61.4405,CentroSur
01/10/2014,Tlaxcala,55.4379,CentroSur
01/01/2015,Tlaxcala,48.4601,CentroSur
01/04/2015,Tlaxcala,130.2564,CentroSur
01/07/2015,Tlaxcala,63.8779,CentroSur
01/10/2015,Tlaxcala,54.5097,CentroSur
01/01/2016,Tlaxcala,49.2795,CentroSur
01/04/2016,Tlaxcala,59.9378,CentroSur
01/07/2016,Tlaxcala,65.4381,CentroSur
01/10/2016,Tlaxcala,58.516,CentroSur
01/01/2017,Tlaxcala,54.0892,CentroSur
01/04/2017,Tlaxcala,63.0229,CentroSur
01/07/2017,Tlaxcala,68.4517,CentroSur
01/10/2017,Tlaxcala,63.9974,CentroSur
01/01/2018,Tlaxcala,51.715,CentroSur
01/04/2018,Tlaxcala,68.0039,CentroSur
01/07/2018,Tlaxcala,69.9106,CentroSur
01/10/2018,Tlaxcala,66.15,CentroSur
01/01/2019,Tlaxcala,54.0557,CentroSur
01/04/2019,Tlaxcala,68.3023,CentroSur
01/07/2019,Tlaxcala,72.8041,CentroSur
01/10/2019,Tlaxcala,61.4573,CentroSur
01/01/2020,Tlaxcala,53.6448,CentroSur
01/04/2020,Tlaxcala,55.0363,CentroSur
01/07/2020,Tlaxcala,70.7083,CentroSur
01/10/2020,Tlaxcala,64.7993,CentroSur
01/01/2021,Tlaxcala,59.1665,CentroSur
01/04/2021,Tlaxcala,78.8338,CentroSur
01/01/2003,Veracruz,209.5491,Sur
01/04/2003,Veracruz,255.6134,Sur
01/07/2003,Veracruz,263.1958,Sur
01/10/2003,Veracruz,270.8241,Sur
01/01/2004,Veracruz,233.0826,Sur
01/04/2004,Veracruz,312.2909,Sur
01/07/2004,Veracruz,322.8215,Sur
01/10/2004,Veracruz,299.8576,Sur
01/01/2005,Veracruz,279.4688,Sur
01/04/2005,Veracruz,360.141,Sur
01/07/2005,Veracruz,365.6277,Sur
01/10/2005,Veracruz,368.2441,Sur
01/01/2006,Veracruz,366.8171,Sur
01/04/2006,Veracruz,463.0845,Sur
01/07/2006,Veracruz,437.5936,Sur
01/10/2006,Veracruz,413.2864,Sur
01/01/2007,Veracruz,392.4725,Sur
01/04/2007,Veracruz,462.0967,Sur
01/07/2007,Veracruz,493.1091,Sur
01/10/2007,Veracruz,428.0511,Sur
01/01/2008,Veracruz,375.2192,Sur
01/04/2008,Veracruz,444.3432,Sur
01/07/2008,Veracruz,411.1512,Sur
01/10/2008,Veracruz,387.5952,Sur
01/01/2009,Veracruz,341.1452,Sur
01/04/2009,Veracruz,344.5329,Sur
01/07/2009,Veracruz,327.0306,Sur
01/10/2009,Veracruz,283.594,Sur
01/01/2010,Veracruz,280.9259,Sur
01/04/2010,Veracruz,346.9656,Sur
01/07/2010,Veracruz,324.0038,Sur
01/10/2010,Veracruz,285.5419,Sur
01/01/2011,Veracruz,291.7779,Sur
01/04/2011,Veracruz,353.3386,Sur
01/07/2011,Veracruz,339.6058,Sur
01/10/2011,Veracruz,288.3641,Sur
01/01/2012,Veracruz,288.3006,Sur
01/04/2012,Veracruz,349.7124,Sur
01/07/2012,Veracruz,275.3337,Sur
01/10/2012,Veracruz,262.663,Sur
01/01/2013,Veracruz,237.4112,Sur
01/04/2013,Veracruz,290.9245,Sur
01/07/2013,Veracruz,261.6828,Sur
01/10/2013,Veracruz,237.6371,Sur
01/01/2014,Veracruz,234.8284,Sur
01/04/2014,Veracruz,278.7559,Sur
01/07/2014,Veracruz,271.0018,Sur
01/10/2014,Veracruz,262.8266,Sur
01/01/2015,Veracruz,249.183,Sur
01/04/2015,Veracruz,264.9429,Sur
01/07/2015,Veracruz,285.9105,Sur
01/10/2015,Veracruz,261.4512,Sur
01/01/2016,Veracruz,259.9767,Sur
01/04/2016,Veracruz,294.4425,Sur
01/07/2016,Veracruz,283.4936,Sur
01/10/2016,Veracruz,286.0538,Sur
01/01/2017,Veracruz,303.8808,Sur
01/04/2017,Veracruz,327.7677,Sur
01/07/2017,Veracruz,326.0549,Sur
01/10/2017,Veracruz,328.5469,Sur
01/01/2018,Veracruz,289.5411,Sur
01/04/2018,Veracruz,373.7803,Sur
01/07/2018,Veracruz,358.8188,Sur
01/10/2018,Veracruz,361.5219,Sur
01/01/2019,Veracruz,324.0366,Sur
01/04/2019,Veracruz,397.0494,Sur
01/07/2019,Veracruz,417.209,Sur
01/10/2019,Veracruz,373.3032,Sur
01/01/2020,Veracruz,368.2978,Sur
01/04/2020,Veracruz,378.6018,Sur
01/07/2020,Veracruz,448.2654,Sur
01/10/2020,Veracruz,419.0197,Sur
01/01/2021,Veracruz,401.3375,Sur
01/04/2021,Veracruz,506.9472,Sur
01/01/2003,Yucatán,12.1488,Sur
01/04/2003,Yucatán,14.2889,Sur
01/07/2003,Yucatán,17.0359,Sur
01/10/2003,Yucatán,16.9372,Sur
01/01/2004,Yucatán,15.8887,Sur
01/04/2004,Yucatán,19.5704,Sur
01/07/2004,Yucatán,20.3736,Sur
01/10/2004,Yucatán,19.9137,Sur
01/01/2005,Yucatán,19.8693,Sur
01/04/2005,Yucatán,23.8946,Sur
01/07/2005,Yucatán,24.3301,Sur
01/10/2005,Yucatán,26.043,Sur
01/01/2006,Yucatán,26.3358,Sur
01/04/2006,Yucatán,30.9908,Sur
01/07/2006,Yucatán,32.2582,Sur
01/10/2006,Yucatán,32.4936,Sur
01/01/2007,Yucatán,31.3431,Sur
01/04/2007,Yucatán,34.355,Sur
01/07/2007,Yucatán,36.1851,Sur
01/10/2007,Yucatán,34.8684,Sur
01/01/2008,Yucatán,33.2093,Sur
01/04/2008,Yucatán,37.0123,Sur
01/07/2008,Yucatán,34.192,Sur
01/10/2008,Yucatán,31.7089,Sur
01/01/2009,Yucatán,28.0287,Sur
01/04/2009,Yucatán,28.8244,Sur
01/07/2009,Yucatán,27.5886,Sur
01/10/2009,Yucatán,25.4941,Sur
01/01/2010,Yucatán,27.3113,Sur
01/04/2010,Yucatán,29.4348,Sur
01/07/2010,Yucatán,29.1213,Sur
01/10/2010,Yucatán,26.8253,Sur
01/01/2011,Yucatán,27.47,Sur
01/04/2011,Yucatán,30.8103,Sur
01/07/2011,Yucatán,31.25,Sur
01/10/2011,Yucatán,28.2787,Sur
01/01/2012,Yucatán,29.1033,Sur
01/04/2012,Yucatán,32.0434,Sur
01/07/2012,Yucatán,29.0815,Sur
01/10/2012,Yucatán,28.9653,Sur
01/01/2013,Yucatán,29.807,Sur
01/04/2013,Yucatán,33.9141,Sur
01/07/2013,Yucatán,31.8192,Sur
01/10/2013,Yucatán,29.887,Sur
01/01/2014,Yucatán,30.3664,Sur
01/04/2014,Yucatán,32.9035,Sur
01/07/2014,Yucatán,33.4575,Sur
01/10/2014,Yucatán,32.5927,Sur
01/01/2015,Yucatán,32.4857,Sur
01/04/2015,Yucatán,39.5789,Sur
01/07/2015,Yucatán,35.0306,Sur
01/10/2015,Yucatán,32.9391,Sur
01/01/2016,Yucatán,32.7958,Sur
01/04/2016,Yucatán,36.6573,Sur
01/07/2016,Yucatán,36.9965,Sur
01/10/2016,Yucatán,36.3434,Sur
01/01/2017,Yucatán,41.0515,Sur
01/04/2017,Yucatán,45.2117,Sur
01/07/2017,Yucatán,47.2523,Sur
01/10/2017,Yucatán,47.4661,Sur
01/01/2018,Yucatán,45.0797,Sur
01/04/2018,Yucatán,54.234,Sur
01/07/2018,Yucatán,51.9384,Sur
01/10/2018,Yucatán,54.2537,Sur
01/01/2019,Yucatán,48.5296,Sur
01/04/2019,Yucatán,56.7025,Sur
01/07/2019,Yucatán,59.1506,Sur
01/10/2019,Yucatán,57.1004,Sur
01/01/2020,Yucatán,58.3251,Sur
01/04/2020,Yucatán,45.4005,Sur
01/07/2020,Yucatán,74.3865,Sur
01/10/2020,Yucatán,65.5741,Sur
01/01/2021,Yucatán,66.1321,Sur
01/04/2021,Yucatán,83.3338,Sur
01/01/2003,Zacatecas,85.7964,CentroNorte
01/04/2003,Zacatecas,105.5812,CentroNorte
01/07/2003,Zacatecas,107.3841,CentroNorte
01/10/2003,Zacatecas,103.6052,CentroNorte
01/01/2004,Zacatecas,101.06,CentroNorte
01/04/2004,Zacatecas,133.6355,CentroNorte
01/07/2004,Zacatecas,131.3582,CentroNorte
01/10/2004,Zacatecas,118.5583,CentroNorte
01/01/2005,Zacatecas,114.2931,CentroNorte
01/04/2005,Zacatecas,146.3476,CentroNorte
01/07/2005,Zacatecas,141.5848,CentroNorte
01/10/2005,Zacatecas,138.2595,CentroNorte
01/01/2006,Zacatecas,148.0112,CentroNorte
01/04/2006,Zacatecas,185.3214,CentroNorte
01/07/2006,Zacatecas,174.4959,CentroNorte
01/10/2006,Zacatecas,159.8963,CentroNorte
01/01/2007,Zacatecas,158.6429,CentroNorte
01/04/2007,Zacatecas,184.2364,CentroNorte
01/07/2007,Zacatecas,180.4492,CentroNorte
01/10/2007,Zacatecas,164.0864,CentroNorte
01/01/2008,Zacatecas,155.046,CentroNorte
01/04/2008,Zacatecas,191.5485,CentroNorte
01/07/2008,Zacatecas,168.9793,CentroNorte
01/10/2008,Zacatecas,165.977,CentroNorte
01/01/2009,Zacatecas,154.2323,CentroNorte
01/04/2009,Zacatecas,154.482,CentroNorte
01/07/2009,Zacatecas,139.7735,CentroNorte
01/10/2009,Zacatecas,124.8077,CentroNorte
01/01/2010,Zacatecas,136.8111,CentroNorte
01/04/2010,Zacatecas,158.6751,CentroNorte
01/07/2010,Zacatecas,148.5753,CentroNorte
01/10/2010,Zacatecas,137.6504,CentroNorte
01/01/2011,Zacatecas,142.615,CentroNorte
01/04/2011,Zacatecas,168.0181,CentroNorte
01/07/2011,Zacatecas,165.3853,CentroNorte
01/10/2011,Zacatecas,149.4344,CentroNorte
01/01/2012,Zacatecas,152.9931,CentroNorte
01/04/2012,Zacatecas,187.3337,CentroNorte
01/07/2012,Zacatecas,158.8864,CentroNorte
01/10/2012,Zacatecas,155.2369,CentroNorte
01/01/2013,Zacatecas,141.0833,CentroNorte
01/04/2013,Zacatecas,175.7304,CentroNorte
01/07/2013,Zacatecas,163.4966,CentroNorte
01/10/2013,Zacatecas,153.4899,CentroNorte
01/01/2014,Zacatecas,155.5636,CentroNorte
01/04/2014,Zacatecas,179.6064,CentroNorte
01/07/2014,Zacatecas,180.277,CentroNorte
01/10/2014,Zacatecas,184.7201,CentroNorte
01/01/2015,Zacatecas,175.1145,CentroNorte
01/04/2015,Zacatecas,185.62,CentroNorte
01/07/2015,Zacatecas,204.6756,CentroNorte
01/10/2015,Zacatecas,190.275,CentroNorte
01/01/2016,Zacatecas,193.862,CentroNorte
01/04/2016,Zacatecas,228.4065,CentroNorte
01/07/2016,Zacatecas,228.8298,CentroNorte
01/10/2016,Zacatecas,226.9685,CentroNorte
01/01/2017,Zacatecas,223.4371,CentroNorte
01/04/2017,Zacatecas,260.4072,CentroNorte
01/07/2017,Zacatecas,260.2551,CentroNorte
01/10/2017,Zacatecas,261.2053,CentroNorte
01/01/2018,Zacatecas,228.198,CentroNorte
01/04/2018,Zacatecas,303.7115,CentroNorte
01/07/2018,Zacatecas,277.9812,CentroNorte
01/10/2018,Zacatecas,285.9793,CentroNorte
01/01/2019,Zacatecas,244.5881,CentroNorte
01/04/2019,Zacatecas,295.7832,CentroNorte
01/07/2019,Zacatecas,306.7315,CentroNorte
01/10/2019,Zacatecas,281.9137,CentroNorte
01/01/2020,Zacatecas,291.3003,CentroNorte
01/04/2020,Zacatecas,305.5302,CentroNorte
01/07/2020,Zacatecas,299.3661,CentroNorte
01/10/2020,Zacatecas,306.0885,CentroNorte
01/01/2021,Zacatecas,322.6596,CentroNorte
01/04/2021,Zacatecas,408.9089,CentroNorte
